Season,Date,Garden,Acc_FGDD,Variety,Early Tassel Development,Tassel Development,Tasseling,Silk Development,Silking,Ear Development
2009,2009-06-12,CDG,164.88000000000005,Hopi Blue,0,0,0,0,0,0
2009,2009-06-19,CDG,260.91,Hopi Blue,0,0,0,0,0,0
2009,2009-06-26,CDG,393.93,Hopi Blue,0,0,0,0,0,0
2009,2009-07-03,CDG,533.97,Hopi Blue,0,0,0,0,0,0
2009,2009-07-10,CDG,672.48,Hopi Blue,0,0,0,0,0,0
2009,2009-07-17,CDG,821.97,Hopi Blue,0,0,0,0,0,0
2009,2009-07-24,CDG,976.8600000000001,Hopi Blue,0.2571428571428571,0.14285714285714285,0,0,0,0
2009,2009-07-31,CDG,1124.8200000000002,Hopi Blue,0.5428571428571428,0.2571428571428571,0.02857142857142857,0.02857142857142857,0,0
2009,2009-08-06,CDG,1252.8000000000002,Hopi Blue,0.7142857142857143,0.45714285714285713,0.34285714285714286,0.2857142857142857,0.11428571428571428,0
2009,2009-08-14,CDG,1406.88,Hopi Blue,0.7428571428571429,0.6,0.5142857142857142,0.4,0.34285714285714286,0.02857142857142857
2009,2009-08-24,CDG,1599.7500000000002,Hopi Blue,0.7714285714285715,0.7142857142857143,0.6857142857142857,0.5142857142857142,0.42857142857142855,0.34285714285714286
2009,2009-08-28,CDG,1667.3850000000002,Hopi Blue,0.7714285714285715,0.7142857142857143,0.7142857142857143,0.5428571428571428,0.4857142857142857,0.42857142857142855
2009,2009-09-04,CDG,1811.9700000000003,Hopi Blue,0.8571428571428571,0.7428571428571429,0.7428571428571429,0.6,0.5428571428571428,0.4857142857142857
2009,2009-09-11,CDG,1939.5000000000002,Hopi Blue,0.8571428571428571,0.7714285714285715,0.7428571428571429,0.6571428571428571,0.6285714285714286,0.5142857142857142
2009,2009-09-18,CDG,2046.69,Hopi Blue,0.8571428571428571,0.8571428571428571,0.7428571428571429,0.6857142857142857,0.6285714285714286,0.5428571428571428
2009,2009-09-25,CDG,2123.6400000000003,Hopi Blue,0.8571428571428571,0.8571428571428571,0.7428571428571429,0.6857142857142857,0.6285714285714286,0.5428571428571428
2010,2010-06-11,CDG,351.5400000000001,Hopi White,0,0,0,0,0,0
2010,2010-06-18,CDG,444.6900000000001,Hopi White,0,0,0,0,0,0
2010,2010-06-25,CDG,573.6600000000001,Hopi White,0,0,0,0,0,0
2010,2010-07-02,CDG,727.74,Hopi White,0,0,0,0,0,0
2010,2010-07-09,CDG,866.7,Hopi White,0,0,0,0,0,0
2010,2010-07-15,CDG,991.71,Hopi White,0,0,0,0,0,0
2010,2010-07-23,CDG,1173.4199999999998,Hopi White,0.5384615384615384,0.15384615384615385,0,0,0,0
2010,2010-07-30,CDG,1331.37,Hopi White,1,0.8846153846153846,0.4230769230769231,0.4230769230769231,0.038461538461538464,0
2010,2010-08-05,CDG,1457.28,Hopi White,1,1,1,1,0.46153846153846156,0
2010,2010-08-12,CDG,1593.18,Hopi White,1,1,1,1,1,0
2010,2010-08-20,CDG,1753.5600000000002,Hopi White,1,1,1,1,1,0.6538461538461539
2010,2010-08-26,CDG,1872.9000000000003,Hopi White,1,1,1,1,1,1
2010,2010-09-09,CDG,2114.5500000000006,Hopi White,1,1,1,1,1,1
2010,2010-09-16,CDG,2221.560000000001,Hopi White,1,1,1,1,1,1
2011,2011-06-14,CDG,357.0300000000001,Hopi White,0,0,0,0,0,0
2011,2011-06-23,CDG,508.14000000000016,Hopi White,0,0,0,0,0,0
2011,2011-07-01,CDG,672.6600000000001,Hopi White,0,0,0,0,0,0
2011,2011-07-08,CDG,837.72,Hopi White,0,0,0,0,0,0
2011,2011-07-14,CDG,967.77,Hopi White,0,0,0,0,0,0
2011,2011-07-21,CDG,1125.72,Hopi White,0.038461538461538464,0,0,0,0,0
2011,2011-07-28,CDG,1276.74,Hopi White,0.5384615384615384,0.3076923076923077,0,0,0,0
2011,2011-08-04,CDG,1433.7,Hopi White,0.7307692307692307,0.6153846153846154,0.3076923076923077,0.2692307692307692,0.11538461538461539,0
2011,2011-08-11,CDG,1573.2,Hopi White,0.7307692307692307,0.6923076923076923,0.5769230769230769,0.38461538461538464,0.3076923076923077,0
2011,2011-08-18,CDG,1723.68,Hopi White,0.7692307692307693,0.7307692307692307,0.6923076923076923,0.5769230769230769,0.5769230769230769,0
2011,2011-08-25,CDG,1874.16,Hopi White,0.7692307692307693,0.7307692307692307,0.7307692307692307,0.6538461538461539,0.6153846153846154,0.23076923076923078
2011,2011-09-02,CDG,2047.5900000000001,Hopi White,0.7692307692307693,0.7307692307692307,0.7307692307692307,0.6538461538461539,0.6538461538461539,0.5
2011,2011-09-08,CDG,2160.1800000000007,Hopi White,0.7692307692307693,0.7307692307692307,0.7307692307692307,0.6923076923076923,0.6923076923076923,0.5769230769230769
2011,2011-09-16,CDG,2263.230000000001,Hopi White,0.7692307692307693,0.7307692307692307,0.7307692307692307,0.6923076923076923,0.6923076923076923,0.5769230769230769
2011,2011-09-22,CDG,2340.1800000000007,Hopi White,0.7692307692307693,0.7307692307692307,0.7307692307692307,0.6923076923076923,0.6923076923076923,0.5769230769230769
2012,2012-06-13,CDG,453.78,Hopi White,0,0,0,0,0,0
2012,2012-06-21,CDG,599.31,Hopi White,0,0,0,0,0,0
2012,2012-06-29,CDG,782.8199999999999,Hopi White,0,0,0,0,0,0
2012,2012-07-07,CDG,960.3899999999999,Hopi White,0,0,0,0,0,0
2012,2012-07-12,CDG,1068.3899999999999,Hopi White,0,0,0,0,0,0
2012,2012-07-19,CDG,1224.36,Hopi White,0,0,0,0,0,0
2012,2012-07-25,CDG,1360.8,Hopi White,0,0,0,0,0,0
2012,2012-08-02,CDG,1544.31,Hopi White,0,0,0,0,0,0
2012,2012-08-09,CDG,1698.3,Hopi White,0,0,0,0,0,0
2012,2012-08-17,CDG,1873.8,Hopi White,0,0,0,0,0,0
2012,2012-08-24,CDG,2017.8,Hopi White,0,0,0,0,0,0
2012,2012-08-31,CDG,2172.3300000000004,Hopi White,0,0,0,0,0,0
2012,2012-09-13,CDG,2415.780000000001,Hopi White,0,0,0,0,0,0
2012,2012-09-19,CDG,2508.2100000000014,Hopi White,0,0,0,0,0,0
2012,2012-09-27,CDG,2627.1900000000014,Hopi White,0.047619047619047616,0.047619047619047616,0,0,0,0
2012,2012-10-05,CDG,2745.270000000001,Hopi White,0.047619047619047616,0.047619047619047616,0.047619047619047616,0,0,0
2013,2013-06-04,CDG,194.94000000000003,Hopi White,0,0,0,0,0,0
2013,2013-06-14,CDG,387.0000000000001,Hopi White,0,0,0,0,0,0
2013,2013-06-19,CDG,479.52000000000015,Hopi White,0,0,0,0,0,0
2013,2013-06-28,CDG,650.1600000000001,Hopi White,0,0,0,0,0,0
2013,2013-07-05,CDG,814.77,Hopi White,0,0,0,0,0,0
2013,2013-07-11,CDG,958.3199999999999,Hopi White,0,0,0,0,0,0
2013,2013-07-18,CDG,1123.3799999999999,Hopi White,0,0,0,0,0,0
2013,2013-07-26,CDG,1308.4199999999998,Hopi White,0.2222222222222222,0.14814814814814814,0,0,0,0
2013,2013-08-01,CDG,1443.9599999999998,Hopi White,0.4444444444444444,0.37037037037037035,0.1111111111111111,0,0,0
2013,2013-08-08,CDG,1596.0599999999997,Hopi White,0.6296296296296297,0.5555555555555556,0.37037037037037035,0.37037037037037035,0.2222222222222222,0
2013,2013-08-15,CDG,1725.0299999999997,Hopi White,0.6666666666666666,0.6296296296296297,0.5555555555555556,0.4074074074074074,0.37037037037037035,0
2013,2013-08-22,CDG,1875.4199999999998,Hopi White,0.7037037037037037,0.6666666666666666,0.6666666666666666,0.5185185185185185,0.4074074074074074,0
2013,2013-08-30,CDG,2042.4599999999998,Hopi White,0.7777777777777778,0.7037037037037037,0.7037037037037037,0.7037037037037037,0.6296296296296297,0.2222222222222222
2013,2013-09-06,CDG,2200.5,Hopi White,0.8148148148148148,0.8148148148148148,0.8148148148148148,0.7777777777777778,0.6666666666666666,0.4074074074074074
2013,2013-09-18,CDG,2405.5199999999995,Hopi White,0.8148148148148148,0.8148148148148148,0.8148148148148148,0.8148148148148148,0.7777777777777778,0.5925925925925926
2013,2013-09-27,CDG,2526.12,Hopi White,0.8148148148148148,0.8148148148148148,0.8148148148148148,0.8148148148148148,0.8148148148148148,0.7037037037037037
2014,2014-06-12,CDG,337.32000000000005,Hopi White,0,0,0,0,0,0
2014,2014-06-19,CDG,460.80000000000007,Hopi White,0,0,0,0,0,0
2014,2014-06-26,CDG,587.88,Hopi White,0,0,0,0,0,0
2014,2014-07-04,CDG,753.3000000000001,Hopi White,0,0,0,0,0,0
2014,2014-07-11,CDG,905.85,Hopi White,0,0,0,0,0,0
2014,2014-07-18,CDG,1065.96,Hopi White,0,0,0,0,0,0
2014,2014-07-25,CDG,1229.94,Hopi White,0.2,0.16,0,0,0,0
2014,2014-07-31,CDG,1365.93,Hopi White,0.24,0.2,0.04,0,0,0
2014,2014-08-07,CDG,1518.93,Hopi White,0.24,0.2,0.12,0.04,0.04,0
2014,2014-08-15,CDG,1686.51,Hopi White,0.28,0.24,0.24,0.16,0.12,0
2014,2014-08-21,CDG,1808.46,Hopi White,0.32,0.24,0.24,0.2,0.2,0
2014,2014-08-28,CDG,1922.94,Hopi White,0.4,0.32,0.24,0.2,0.2,0
2014,2014-09-05,CDG,2054.97,Hopi White,0.44,0.4,0.36,0.28,0.24,0.08
2014,2014-09-12,CDG,2168.5500000000006,Hopi White,0.44,0.4,0.4,0.36,0.28,0.2
2014,2014-09-18,CDG,2276.1000000000004,Hopi White,0.48,0.48,0.44,0.4,0.36,0.2
2014,2014-09-28,CDG,2456.100000000001,Hopi White,0.52,0.52,0.52,0.48,0.48,0.24
2015,2015-06-18,CDG,384.11999999999995,Hopi White,0,0,0,0,0,0
2015,2015-06-25,CDG,525.0600000000001,Hopi White,0,0,0,0,0,0
2015,2015-07-02,CDG,688.5000000000001,Hopi White,0,0,0,0,0,0
2015,2015-07-09,CDG,828.9450000000002,Hopi White,0,0,0,0,0,0
2015,2015-07-16,CDG,958.3650000000002,Hopi White,0.02127659574468085,0,0,0,0,0
2015,2015-07-23,CDG,1094.8950000000002,Hopi White,0.2765957446808511,0.2127659574468085,0,0,0,0
2015,2015-07-30,CDG,1238.4450000000002,Hopi White,0.6595744680851063,0.574468085106383,0.1276595744680851,0.06382978723404255,0.0425531914893617,0
2015,2015-08-06,CDG,1382.085,Hopi White,0.9574468085106383,0.9574468085106383,0.6595744680851063,0.5531914893617021,0.425531914893617,0
2015,2015-08-13,CDG,1530.045,Hopi White,0.9787234042553191,0.9787234042553191,0.9361702127659575,0.8085106382978723,0.8085106382978723,0
2015,2015-08-20,CDG,1675.035,Hopi White,0.9787234042553191,0.9787234042553191,0.9787234042553191,0.8936170212765957,0.8723404255319149,0.10638297872340426
2015,2015-08-27,CDG,1818.045,Hopi White,0.9787234042553191,0.9787234042553191,0.9787234042553191,0.8936170212765957,0.8723404255319149,0.1702127659574468
2015,2015-09-03,CDG,1962.4950000000001,Hopi White,0.9787234042553191,0.9787234042553191,0.9787234042553191,0.9148936170212766,0.8936170212765957,0.40425531914893614
2015,2015-09-10,CDG,2083.005,Hopi White,0.9787234042553191,0.9787234042553191,0.9787234042553191,0.9148936170212766,0.8936170212765957,0.7021276595744681
2015,2015-09-16,CDG,2188.035,Hopi White,0.9787234042553191,0.9787234042553191,0.9787234042553191,0.9148936170212766,0.9148936170212766,0.8723404255319149
2015,2015-09-17,CDG,2202.5249999999996,Hopi White,0.9787234042553191,0.9787234042553191,0.9787234042553191,0.9148936170212766,0.9148936170212766,0.8723404255319149
2016,2016-06-08,CDG,226.07999999999998,Hopi White,0,0,0,0,0,0
2016,2016-06-15,CDG,358.11,Hopi White,0,0,0,0,0,0
2016,2016-06-23,CDG,525.6,Hopi White,0,0,0,0,0,0
2016,2016-06-30,CDG,685.08,Hopi White,0,0,0,0,0,0
2016,2016-07-07,CDG,812.6999999999999,Hopi White,0,0,0,0,0,0
2016,2016-07-14,CDG,947.2499999999999,Hopi White,0,0,0,0,0,0
2016,2016-07-22,CDG,1120.23,Hopi White,0.23529411764705882,0.11764705882352941,0,0,0,0
2016,2016-07-28,CDG,1259.64,Hopi White,0.5588235294117647,0.4411764705882353,0,0,0,0
2016,2016-08-03,CDG,1396.71,Hopi White,0.8823529411764706,0.7647058823529411,0.38235294117647056,0.35294117647058826,0.11764705882352941,0
2016,2016-08-11,CDG,1566.18,Hopi White,1,0.9411764705882353,0.8529411764705882,0.7647058823529411,0.6764705882352942,0
2016,2016-08-18,CDG,1705.68,Hopi White,1,1,1,1,0.9705882352941176,0.38235294117647056
2016,2016-08-25,CDG,1826.19,Hopi White,1,1,1,1,1,0.5588235294117647
2016,2016-09-01,CDG,1937.25,Hopi White,1,1,1,1,1,0.8823529411764706
2016,2016-09-07,CDG,2047.77,Hopi White,1,1,1,1,1,0.9705882352941176
2016,2016-09-14,CDG,2163.69,Hopi White,1,1,1,1,1,1
2016,2016-09-23,CDG,2303.2799999999997,Hopi White,1,1,1,1,1,1
2017,2017-06-02,CDG,184.59,Hopi White,0,0,0,0,0,0
2017,2017-06-07,CDG,277.02,Hopi White,0,0,0,0,0,0
2017,2017-06-14,CDG,401.13000000000005,Hopi White,0,0,0,0,0,0
2017,2017-06-22,CDG,559.9800000000001,Hopi White,0,0,0,0,0,0
2017,2017-06-28,CDG,675.0000000000001,Hopi White,0,0,0,0,0,0
2017,2017-07-05,CDG,809.46000000000015,Hopi White,0,0,0,0,0,0
2017,2017-07-12,CDG,976.9500000000002,Hopi White,0.0625,0.0625,0,0,0,0
2017,2017-07-19,CDG,1134.4500000000003,Hopi White,0.5625,0.25,0,0,0,0
2017,2017-07-26,CDG,1293.8400000000004,Hopi White,0.9375,0.9375,0.46875,0.46875,0,0
2017,2017-08-02,CDG,1445.2200000000005,Hopi White,1,1,0.9375,0.875,0.5625,0
2017,2017-08-09,CDG,1588.2300000000005,Hopi White,1,1,1,0.96875,0.9375,0
2017,2017-08-16,CDG,1719.2700000000004,Hopi White,1,1,1,1,1,0.65625
2017,2017-08-23,CDG,1794.5700000000004,Hopi White,1,1,1,1,1,0.9375
2017,2017-08-31,CDG,1960.4700000000005,Hopi White,1,1,1,1,1,1
2017,2017-09-06,CDG,2086.9200000000005,Hopi White,1,1,1,1,1,1
2017,2017-09-14,CDG,2247.8400000000006,Hopi White,1,1,1,1,1,1
2018,2018-06-06,CDG,326.43,Hopi White,0,0,0,0,0,0
2018,2018-06-13,CDG,453.96000000000004,Hopi White,0,0,0,0,0,0
2018,2018-06-21,CDG,598.4100000000001,Hopi White,0,0,0,0,0,0
2018,2018-06-27,CDG,711,Hopi White,0,0,0,0,0,0
2018,2018-07-04,CDG,845.55,Hopi White,0,0,0,0,0,0
2018,2018-07-11,CDG,1004.5799999999999,Hopi White,0,0,0,0,0,0
2018,2018-07-17,CDG,1143.6299999999999,Hopi White,0,0,0,0,0,0
2018,2018-07-25,CDG,1335.51,Hopi White,0,0,0,0,0,0
2018,2018-08-01,CDG,1490.94,Hopi White,0,0,0,0,0,0
2018,2018-08-08,CDG,1645.92,Hopi White,0,0,0,0,0,0
2018,2018-08-16,CDG,1822.41,Hopi White,0,0,0,0,0,0
2018,2018-08-22,CDG,1948.8600000000001,Hopi White,0,0,0,0,0,0
2018,2018-08-29,CDG,2079.81,Hopi White,0,0,0,0,0,0
2018,2018-09-05,CDG,2201.85,Hopi White,0.045454545454545456,0,0,0,0,0
2018,2018-09-12,CDG,2332.89,Hopi White,0.09090909090909091,0.045454545454545456,0,0,0,0
2018,2018-09-19,CDG,2463.2999999999993,Hopi White,0.09090909090909091,0.045454545454545456,0,0,0,0
2018,2018-09-27,CDG,2585.789999999999,Hopi White,0.09090909090909091,0.045454545454545456,0,0,0,0
2019,2019-06-12,CDG,208.52999999999997,Hopi White,0,0,0,0,0,0
2019,2019-06-19,CDG,324.45,Hopi White,0,0,0,0,0,0
2019,2019-06-26,CDG,438.47999999999996,Hopi White,0,0,0,0,0,0
2019,2019-07-03,CDG,583.1099999999999,Hopi White,0,0,0,0,0,0
2019,2019-07-10,CDG,718.02,Hopi White,0,0,0,0,0,0
2019,2019-07-17,CDG,876.06,Hopi White,0,0,0,0,0,0
2019,2019-07-24,CDG,1028.07,Hopi White,0.07692307692307693,0.038461538461538464,0.038461538461538464,0.038461538461538464,0,0
2019,2019-07-31,CDG,1187.1,Hopi White,0.9230769230769231,0.38461538461538464,0.19230769230769232,0.19230769230769232,0,0
2019,2019-08-08,CDG,1367.1,Hopi White,1,1,0.9615384615384616,0.9615384615384616,0.34615384615384615,0
2019,2019-08-14,CDG,1490.1299999999999,Hopi White,1,1,1,0.9615384615384616,0.9230769230769231,0
2019,2019-08-21,CDG,1627.6499999999999,Hopi White,1,1,1,1,1,0
2019,2019-08-28,CDG,1767.6899999999998,Hopi White,1,1,1,1,1,0.7692307692307693
2019,2019-09-04,CDG,1912.2299999999998,Hopi White,1,1,1,1,1,1
2019,2019-09-11,CDG,2051.19,Hopi White,1,1,1,1,1,1
2020,2020-06-03,CDG,233.46000000000004,Hopi White,0,0,0,0,0,0
2020,2020-06-10,CDG,347.4900000000001,Hopi White,0,0,0,0,0,0
2020,2020-06-17,CDG,486.54000000000013,Hopi White,0.038461538461538464,0.038461538461538464,0,0,0,0
2020,2020-06-24,CDG,613.1700000000001,Hopi White,0.038461538461538464,0.038461538461538464,0,0,0,0
2020,2020-07-01,CDG,751.77,Hopi White,0.038461538461538464,0.038461538461538464,0,0,0,0
2020,2020-07-08,CDG,893.16,Hopi White,0.038461538461538464,0.038461538461538464,0,0,0,0
2020,2020-07-15,CDG,1039.77,Hopi White,0.038461538461538464,0.038461538461538464,0,0,0,0
2020,2020-07-22,CDG,1199.25,Hopi White,0.11538461538461539,0.038461538461538464,0,0,0,0
2020,2020-07-30,CDG,1361.16,Hopi White,0.38461538461538464,0.15384615384615385,0,0,0,0
2020,2020-08-05,CDG,1496.0700000000002,Hopi White,0.6153846153846154,0.2692307692307692,0.19230769230769232,0.07692307692307693,0,0
2020,2020-08-12,CDG,1634.13,Hopi White,0.6153846153846154,0.5769230769230769,0.34615384615384615,0.15384615384615385,0.11538461538461539,0
2020,2020-08-19,CDG,1787.13,Hopi White,0.6538461538461539,0.5769230769230769,0.5,0.4230769230769231,0.34615384615384615,0
2020,2020-08-26,CDG,1947.15,Hopi White,0.6923076923076923,0.6153846153846154,0.5769230769230769,0.5,0.46153846153846156,0
2020,2020-09-02,CDG,2093.67,Hopi White,0.6923076923076923,0.6538461538461539,0.5769230769230769,0.5769230769230769,0.5769230769230769,0.19230769230769232
2020,2020-09-16,CDG,2289.78,Hopi White,0.7692307692307693,0.6923076923076923,0.6153846153846154,0.6153846153846154,0.6153846153846154,0.5384615384615384
2020,2020-09-23,CDG,2414.7,Hopi White,0.8461538461538461,0.6923076923076923,0.6538461538461539,0.6538461538461539,0.6153846153846154,0.5384615384615384
2020,2020-09-30,CDG,2522.0699999999997,Hopi White,0.8461538461538461,0.6923076923076923,0.6538461538461539,0.6538461538461539,0.6153846153846154,0.5384615384615384
2021,2021-06-02,CDG,203.85000000000002,Hopi White,0,0,0,0,0,0
2021,2021-06-09,CDG,341.37000000000006,Hopi White,0,0,0,0,0,0
2021,2021-06-17,CDG,498.96000000000015,Hopi White,0,0,0,0,0,0
2021,2021-06-23,CDG,629.8200000000003,Hopi White,0,0,0,0,0,0
2021,2021-07-01,CDG,769.4100000000002,Hopi White,0,0,0,0,0,0
2021,2021-07-07,CDG,908.3700000000002,Hopi White,0,0,0,0,0,0
2021,2021-07-15,CDG,1098.2700000000002,Hopi White,0.038461538461538464,0,0,0,0,0
2021,2021-07-21,CDG,1244.1600000000003,Hopi White,0.07692307692307693,0,0,0,0,0
2021,2021-07-28,CDG,1402.1100000000004,Hopi White,0.34615384615384615,0.038461538461538464,0,0,0,0
2021,2021-08-04,CDG,1554.8400000000001,Hopi White,0.5,0.23076923076923078,0.07692307692307693,0.038461538461538464,0.038461538461538464,0
2021,2021-08-11,CDG,1695.7800000000002,Hopi White,0.6153846153846154,0.5,0.38461538461538464,0.15384615384615385,0.15384615384615385,0
2021,2021-08-18,CDG,1848.8700000000001,Hopi White,0.6153846153846154,0.5,0.5,0.4230769230769231,0.3076923076923077,0.07692307692307693
2021,2021-08-26,CDG,1994.3100000000002,Hopi White,0.7307692307692307,0.6153846153846154,0.5769230769230769,0.46153846153846156,0.4230769230769231,0.11538461538461539
2021,2021-09-01,CDG,2119.32,Hopi White,0.7692307692307693,0.6923076923076923,0.6153846153846154,0.5384615384615384,0.5,0.23076923076923078
2021,2021-09-08,CDG,2234.25,Hopi White,0.8076923076923077,0.7307692307692307,0.6923076923076923,0.5384615384615384,0.5384615384615384,0.3076923076923077
2022,2022-06-07,CDG,208.71,Hopi White,0,0,0,0,0,0
2022,2022-06-15,CDG,369.27,Hopi White,0,0,0,0,0,0
2022,2022-06-22,CDG,502.20000000000005,Hopi White,0,0,0,0,0,0
2022,2022-06-29,CDG,638.73,Hopi White,0,0,0,0,0,0
2022,2022-07-06,CDG,796.5900000000001,Hopi White,0,0,0,0,0,0
2022,2022-07-13,CDG,948.5100000000001,Hopi White,0,0,0,0,0,0
2022,2022-07-20,CDG,1115.64,Hopi White,0,0,0,0,0,0
2022,2022-07-26,CDG,1263.15,Hopi White,0.038461538461538464,0.038461538461538464,0,0,0,0
2022,2022-08-03,CDG,1442.16,Hopi White,0.07692307692307693,0.038461538461538464,0,0,0,0
2022,2022-08-10,CDG,1604.34,Hopi White,0.07692307692307693,0.038461538461538464,0.038461538461538464,0.038461538461538464,0.038461538461538464,0
2022,2022-08-17,CDG,1763.82,Hopi White,0.11538461538461539,0.07692307692307693,0.07692307692307693,0.07692307692307693,0.038461538461538464,0
2022,2022-08-24,CDG,1907.82,Hopi White,0.23076923076923078,0.07692307692307693,0.07692307692307693,0.07692307692307693,0.038461538461538464,0.038461538461538464
2022,2022-09-07,CDG,2196.18,Hopi White,0.34615384615384615,0.34615384615384615,0.23076923076923078,0.11538461538461539,0.11538461538461539,0.07692307692307693
2022,2022-09-14,CDG,2335.5899999999997,Hopi White,0.34615384615384615,0.34615384615384615,0.34615384615384615,0.23076923076923078,0.19230769230769232,0.11538461538461539
2022,2022-09-21,CDG,2446.6499999999996,Hopi White,0.38461538461538464,0.38461538461538464,0.34615384615384615,0.2692307692307692,0.2692307692307692,0.11538461538461539
2023,2023-06-07,CDG,206.64000000000001,Hopi White,0,0,0,0,0,0
2023,2023-06-14,CDG,305.64,Hopi White,0,0,0,0,0,0
2023,2023-06-21,CDG,424.53,Hopi White,0,0,0,0,0,0
2023,2023-06-28,CDG,551.97,Hopi White,0,0,0,0,0,0
2023,2023-07-05,CDG,684.99,Hopi White,0,0,0,0,0,0
2023,2023-07-12,CDG,825.5699999999999,Hopi White,0,0,0,0,0,0
2023,2023-07-19,CDG,978.48,Hopi White,0,0,0,0,0,0
2023,2023-07-26,CDG,1143.09,Hopi White,0.43478260869565216,0.17391304347826086,0.043478260869565216,0.043478260869565216,0,0
2023,2023-08-02,CDG,1311.57,Hopi White,0.9565217391304348,0.6956521739130435,0.08695652173913043,0.08695652173913043,0,0
2023,2023-08-09,CDG,1451.52,Hopi White,1,1,0.5217391304347826,0.43478260869565216,0.13043478260869565,0
2023,2023-08-16,CDG,1602.6299999999999,Hopi White,1,1,1,0.9130434782608695,0.7391304347826086,0
2023,2023-08-23,CDG,1774.7099999999998,Hopi White,1,1,1,1,0.9565217391304348,0.34782608695652173
2023,2023-08-30,CDG,1921.1399999999999,Hopi White,1,1,1,1,1,0.6086956521739131
2023,2023-09-06,CDG,2059.56,Hopi White,1,1,1,1,1,0.9130434782608695
2023,2023-09-13,CDG,2185.0199999999995,Hopi White,1,1,1,1,1,1
2023,2023-09-20,CDG,2277.539999999999,Hopi White,1,1,1,1,1,1
2023,2023-09-30,CDG,2422.4849999999997,Hopi White,1,1,1,1,1,1
2009,2009-06-12,KUG,164.88000000000005,Hopi Sweet,0,0,0,0,0,0
2009,2009-06-19,KUG,260.91,Hopi Sweet,0,0,0,0,0,0
2009,2009-06-26,KUG,393.93,Hopi Sweet,0,0,0,0,0,0
2009,2009-07-03,KUG,533.97,Hopi Sweet,0,0,0,0,0,0
2009,2009-07-10,KUG,672.48,Hopi Sweet,0,0,0,0,0,0
2009,2009-07-17,KUG,821.97,Hopi Sweet,0,0,0,0,0,0
2009,2009-07-24,KUG,976.8600000000001,Hopi Sweet,0,0,0,0,0,0
2009,2009-07-31,KUG,1124.8200000000002,Hopi Sweet,0,0,0,0,0,0
2009,2009-08-06,KUG,1252.8000000000002,Hopi Sweet,0.016129032258064516,0,0,0,0,0
2009,2009-08-14,KUG,1406.88,Hopi Sweet,0.016129032258064516,0,0,0,0,0
2009,2009-08-25,KUG,1614.7800000000002,Hopi Sweet,0.03225806451612903,0.016129032258064516,0.016129032258064516,0,0,0
2009,2009-08-28,KUG,1667.3850000000002,Hopi Sweet,0.03225806451612903,0.016129032258064516,0.016129032258064516,0.016129032258064516,0,0
2009,2009-09-14,KUG,1990.0800000000002,Hopi Sweet,0.06451612903225806,0.03225806451612903,0.03225806451612903,0.03225806451612903,0.016129032258064516,0.016129032258064516
2009,2009-09-18,KUG,2046.69,Hopi Sweet,0.06451612903225806,0.04838709677419355,0.03225806451612903,0.03225806451612903,0.016129032258064516,0.016129032258064516
2009,2009-09-25,KUG,2123.6400000000003,Hopi Sweet,0.08064516129032258,0.08064516129032258,0.04838709677419355,0.04838709677419355,0.03225806451612903,0.03225806451612903
2010,2010-06-18,KUG,444.6900000000001,Hopi Blue,0,0,0,0,0,0
2010,2010-06-25,KUG,573.6600000000001,Hopi Blue,0,0,0,0,0,0
2010,2010-07-02,KUG,727.74,Hopi Blue,0,0,0,0,0,0
2010,2010-07-09,KUG,866.7,Hopi Blue,0,0,0,0,0,0
2010,2010-07-15,KUG,991.71,Hopi Blue,0,0,0,0,0,0
2010,2010-07-23,KUG,1173.4199999999998,Hopi Blue,0.06493506493506493,0,0,0,0,0
2010,2010-07-30,KUG,1331.37,Hopi Blue,0.4155844155844156,0.12987012987012986,0.012987012987012988,0,0,0
2010,2010-08-06,KUG,1476.27,Hopi Blue,0.8051948051948052,0.5194805194805194,0.18181818181818182,0.15584415584415584,0,0
2010,2010-08-19,KUG,1737.0900000000001,Hopi Blue,0.9090909090909091,0.8441558441558441,0.8441558441558441,0.8181818181818182,0.5194805194805194,0.1038961038961039
2010,2010-08-26,KUG,1872.9000000000003,Hopi Blue,0.9090909090909091,0.8831168831168831,0.8571428571428571,0.8181818181818182,0.7142857142857143,0.5584415584415584
2010,2010-09-09,KUG,2114.5500000000006,Hopi Blue,0.935064935064935,0.9090909090909091,0.9090909090909091,0.8571428571428571,0.8181818181818182,0.6753246753246753
2010,2010-09-16,KUG,2221.560000000001,Hopi Blue,0.948051948051948,0.935064935064935,0.935064935064935,0.8571428571428571,0.8181818181818182,0.7792207792207793
2011,2011-06-14,KUG,357.0300000000001,Hopi Blue,0,0,0,0,0,0
2011,2011-06-24,KUG,526.1400000000001,Hopi Blue,0,0,0,0,0,0
2011,2011-07-01,KUG,672.6600000000001,Hopi Blue,0,0,0,0,0,0
2011,2011-07-08,KUG,837.72,Hopi Blue,0,0,0,0,0,0
2011,2011-07-14,KUG,967.77,Hopi Blue,0,0,0,0,0,0
2011,2011-07-21,KUG,1125.72,Hopi Blue,0,0,0,0,0,0
2011,2011-07-28,KUG,1276.74,Hopi Blue,0.05555555555555555,0.027777777777777776,0.027777777777777776,0,0,0
2011,2011-08-04,KUG,1433.7,Hopi Blue,0.4722222222222222,0.2777777777777778,0.05555555555555555,0.027777777777777776,0.027777777777777776,0
2011,2011-08-11,KUG,1573.2,Hopi Blue,0.5555555555555556,0.4722222222222222,0.4444444444444444,0.05555555555555555,0.05555555555555555,0
2011,2011-08-18,KUG,1723.68,Hopi Blue,0.6388888888888888,0.6388888888888888,0.6111111111111112,0.25,0.2222222222222222,0.027777777777777776
2011,2011-08-25,KUG,1874.16,Hopi Blue,0.6388888888888888,0.6388888888888888,0.6388888888888888,0.3888888888888889,0.3888888888888889,0.027777777777777776
2011,2011-09-02,KUG,2047.5900000000001,Hopi Blue,0.6666666666666666,0.6666666666666666,0.6666666666666666,0.5277777777777778,0.5,0.05555555555555555
2011,2011-09-08,KUG,2160.1800000000007,Hopi Blue,0.6666666666666666,0.6666666666666666,0.6666666666666666,0.5833333333333334,0.5833333333333334,0.3611111111111111
2011,2011-09-16,KUG,2263.230000000001,Hopi Blue,0.6666666666666666,0.6666666666666666,0.6666666666666666,0.5833333333333334,0.5833333333333334,0.4444444444444444
2011,2011-09-22,KUG,2340.1800000000007,Hopi Blue,0.6666666666666666,0.6666666666666666,0.6666666666666666,0.5833333333333334,0.5833333333333334,0.4444444444444444
2012,2012-06-13,KUG,453.78,Hopi Blue,0,0,0,0,0,0
2012,2012-06-21,KUG,599.31,Hopi Blue,0,0,0,0,0,0
2012,2012-06-29,KUG,782.8199999999999,Hopi Blue,0,0,0,0,0,0
2012,2012-07-07,KUG,960.3899999999999,Hopi Blue,0,0,0,0,0,0
2012,2012-07-12,KUG,1068.3899999999999,Hopi Blue,0,0,0,0,0,0
2012,2012-07-19,KUG,1224.36,Hopi Blue,0,0,0,0,0,0
2012,2012-07-31,KUG,1501.83,Hopi Blue,0.03125,0,0,0,0,0
2012,2012-08-02,KUG,1544.31,Hopi Blue,0.09375,0.03125,0.03125,0,0,0
2012,2012-08-06,KUG,1630.8,Hopi Blue,0.34375,0.3125,0.28125,0.1875,0.15625,0.03125
2012,2012-08-09,KUG,1698.3,Hopi Blue,0.34375,0.3125,0.28125,0.1875,0.15625,0.03125
2012,2012-08-17,KUG,1873.8,Hopi Blue,0.34375,0.3125,0.28125,0.1875,0.15625,0.03125
2012,2012-08-24,KUG,2017.8,Hopi Blue,0.34375,0.3125,0.28125,0.1875,0.15625,0.03125
2012,2012-08-31,KUG,2172.3300000000004,Hopi Blue,0.34375,0.3125,0.28125,0.21875,0.1875,0.03125
2012,2012-09-13,KUG,2415.780000000001,Hopi Blue,0.34375,0.3125,0.28125,0.28125,0.28125,0.15625
2012,2012-09-19,KUG,2508.2100000000014,Hopi Blue,0.34375,0.34375,0.28125,0.28125,0.28125,0.25
2012,2012-09-27,KUG,2627.1900000000014,Hopi Blue,0.34375,0.34375,0.28125,0.28125,0.28125,0.25
2012,2012-10-05,KUG,2745.270000000001,Hopi Blue,0.34375,0.34375,0.3125,0.28125,0.28125,0.25
2013,2013-06-04,KUG,194.94000000000003,Hopi Blue,0,0,0,0,0,0
2013,2013-06-14,KUG,387.0000000000001,Hopi Blue,0,0,0,0,0,0
2013,2013-06-19,KUG,479.52000000000015,Hopi Blue,0,0,0,0,0,0
2013,2013-06-28,KUG,650.1600000000001,Hopi Blue,0,0,0,0,0,0
2013,2013-07-05,KUG,814.77,Hopi Blue,0,0,0,0,0,0
2013,2013-07-11,KUG,958.3199999999999,Hopi Blue,0,0,0,0,0,0
2013,2013-07-18,KUG,1123.3799999999999,Hopi Blue,0.03225806451612903,0.03225806451612903,0,0,0,0
2013,2013-07-26,KUG,1308.4199999999998,Hopi Blue,0.0967741935483871,0.03225806451612903,0.03225806451612903,0,0,0
2013,2013-08-01,KUG,1443.9599999999998,Hopi Blue,0.25806451612903225,0.0967741935483871,0.03225806451612903,0,0,0
2013,2013-08-09,KUG,1611.0899999999997,Hopi Blue,0.41935483870967744,0.25806451612903225,0.0967741935483871,0.03225806451612903,0.03225806451612903,0
2013,2013-08-15,KUG,1725.0299999999997,Hopi Blue,0.41935483870967744,0.3548387096774194,0.2903225806451613,0.03225806451612903,0.03225806451612903,0
2013,2013-08-22,KUG,1875.4199999999998,Hopi Blue,0.6129032258064516,0.4838709677419355,0.45161290322580644,0.1935483870967742,0.0967741935483871,0.03225806451612903
2013,2013-08-30,KUG,2042.4599999999998,Hopi Blue,0.6129032258064516,0.5483870967741935,0.5483870967741935,0.3870967741935484,0.25806451612903225,0.03225806451612903
2013,2013-09-06,KUG,2200.5,Hopi Blue,0.7419354838709677,0.5806451612903226,0.5483870967741935,0.5483870967741935,0.45161290322580644,0.1935483870967742
2013,2013-09-18,KUG,2405.5199999999995,Hopi Blue,0.7741935483870968,0.7419354838709677,0.6451612903225806,0.6451612903225806,0.6129032258064516,0.2903225806451613
2013,2013-09-27,KUG,2526.12,Hopi Blue,0.7741935483870968,0.7419354838709677,0.7419354838709677,0.7096774193548387,0.6129032258064516,0.45161290322580644
2014,2014-06-13,KUG,357.30000000000007,Hopi Blue,0,0,0,0,0,0
2014,2014-06-19,KUG,460.80000000000007,Hopi Blue,0,0,0,0,0,0
2014,2014-06-27,KUG,608.85,Hopi Blue,0,0,0,0,0,0
2014,2014-07-04,KUG,753.3000000000001,Hopi Blue,0,0,0,0,0,0
2014,2014-07-11,KUG,905.85,Hopi Blue,0,0,0,0,0,0
2014,2014-07-18,KUG,1065.96,Hopi Blue,0,0,0,0,0,0
2014,2014-07-24,KUG,1203.93,Hopi Blue,0.06896551724137931,0.06896551724137931,0.034482758620689655,0,0,0
2014,2014-07-31,KUG,1365.93,Hopi Blue,0.06896551724137931,0.06896551724137931,0.034482758620689655,0,0,0
2014,2014-08-07,KUG,1518.93,Hopi Blue,0.06896551724137931,0.06896551724137931,0.034482758620689655,0,0,0
2014,2014-08-15,KUG,1686.51,Hopi Blue,0.13793103448275862,0.13793103448275862,0.10344827586206896,0,0,0
2014,2014-08-21,KUG,1808.46,Hopi Blue,0.13793103448275862,0.13793103448275862,0.13793103448275862,0,0,0
2014,2014-08-28,KUG,1922.94,Hopi Blue,0.13793103448275862,0.13793103448275862,0.13793103448275862,0.06896551724137931,0.034482758620689655,0
2014,2014-09-05,KUG,2054.97,Hopi Blue,0.1724137931034483,0.1724137931034483,0.1724137931034483,0.10344827586206896,0.10344827586206896,0
2014,2014-09-12,KUG,2168.5500000000006,Hopi Blue,0.1724137931034483,0.1724137931034483,0.1724137931034483,0.10344827586206896,0.10344827586206896,0.034482758620689655
2014,2014-09-18,KUG,2276.1000000000004,Hopi Blue,0.1724137931034483,0.1724137931034483,0.1724137931034483,0.13793103448275862,0.13793103448275862,0.06896551724137931
2014,2014-09-28,KUG,2456.100000000001,Hopi Blue,0.20689655172413793,0.20689655172413793,0.1724137931034483,0.13793103448275862,0.13793103448275862,0.10344827586206896
2015,2015-06-19,KUG,404.09999999999997,Hopi Blue,0,0,0,0,0,0
2015,2015-06-26,KUG,545.0400000000001,Hopi Blue,0,0,0,0,0,0
2015,2015-07-02,KUG,688.5000000000001,Hopi Blue,0,0,0,0,0,0
2015,2015-07-09,KUG,828.9450000000002,Hopi Blue,0,0,0,0,0,0
2015,2015-07-16,KUG,958.3650000000002,Hopi Blue,0.05555555555555555,0,0,0,0,0
2015,2015-07-23,KUG,1094.8950000000002,Hopi Blue,0.3888888888888889,0.2222222222222222,0,0,0,0
2015,2015-07-30,KUG,1238.4450000000002,Hopi Blue,0.5833333333333334,0.5555555555555556,0.3611111111111111,0.2222222222222222,0.05555555555555555,0
2015,2015-08-06,KUG,1382.085,Hopi Blue,0.7777777777777778,0.75,0.7222222222222222,0.3888888888888889,0.2222222222222222,0
2015,2015-08-13,KUG,1530.045,Hopi Blue,0.8611111111111112,0.8611111111111112,0.8055555555555556,0.6388888888888888,0.5833333333333334,0
2015,2015-08-20,KUG,1675.035,Hopi Blue,0.8611111111111112,0.8611111111111112,0.8611111111111112,0.6666666666666666,0.5833333333333334,0.027777777777777776
2015,2015-08-27,KUG,1818.045,Hopi Blue,0.8888888888888888,0.8888888888888888,0.8888888888888888,0.75,0.7222222222222222,0.08333333333333333
2015,2015-09-03,KUG,1962.4950000000001,Hopi Blue,0.8888888888888888,0.8888888888888888,0.8888888888888888,0.7777777777777778,0.7777777777777778,0.5833333333333334
2015,2015-09-10,KUG,2083.005,Hopi Blue,0.8888888888888888,0.8888888888888888,0.8888888888888888,0.7777777777777778,0.7777777777777778,0.6666666666666666
2015,2015-09-16,KUG,2188.035,Hopi Blue,0.8888888888888888,0.8888888888888888,0.8888888888888888,0.7777777777777778,0.7777777777777778,0.7222222222222222
2015,2015-09-17,KUG,2202.5249999999996,Hopi Blue,0.8888888888888888,0.8888888888888888,0.8888888888888888,0.7777777777777778,0.7777777777777778,0.7222222222222222
2016,2016-06-08,KUG,226.07999999999998,Hopi Blue,0,0,0,0,0,0
2016,2016-06-15,KUG,358.11,Hopi Blue,0,0,0,0,0,0
2016,2016-06-23,KUG,525.6,Hopi Blue,0,0,0,0,0,0
2016,2016-07-05,KUG,771.2099999999999,Hopi Blue,0,0,0,0,0,0
2016,2016-07-07,KUG,812.6999999999999,Hopi Blue,0,0,0,0,0,0
2016,2016-07-14,KUG,947.2499999999999,Hopi Blue,0,0,0,0,0,0
2016,2016-07-22,KUG,1120.23,Hopi Blue,0,0,0,0,0,0
2016,2016-07-28,KUG,1259.64,Hopi Blue,0.17391304347826086,0.08695652173913043,0,0,0,0
2016,2016-07-30,KUG,1306.17,Hopi Blue,0.17391304347826086,0.08695652173913043,0,0,0,0
2016,2016-08-03,KUG,1396.71,Hopi Blue,0.34782608695652173,0.34782608695652173,0.13043478260869565,0.08695652173913043,0,0
2016,2016-08-11,KUG,1566.18,Hopi Blue,0.6521739130434783,0.34782608695652173,0.34782608695652173,0.21739130434782608,0.13043478260869565,0
2016,2016-08-19,KUG,1722.15,Hopi Blue,0.6956521739130435,0.6956521739130435,0.6086956521739131,0.391304347826087,0.30434782608695654,0.043478260869565216
2016,2016-08-25,KUG,1826.19,Hopi Blue,0.782608695652174,0.6956521739130435,0.6956521739130435,0.43478260869565216,0.34782608695652173,0.2608695652173913
2016,2016-09-01,KUG,1937.25,Hopi Blue,0.8260869565217391,0.782608695652174,0.6956521739130435,0.6521739130434783,0.5217391304347826,0.2608695652173913
2016,2016-09-07,KUG,2047.77,Hopi Blue,0.8260869565217391,0.8260869565217391,0.8260869565217391,0.6956521739130435,0.6956521739130435,0.34782608695652173
2016,2016-09-14,KUG,2163.69,Hopi Blue,0.8260869565217391,0.8260869565217391,0.8260869565217391,0.782608695652174,0.782608695652174,0.5652173913043478
2016,2016-09-23,KUG,2303.2799999999997,Hopi Blue,0.8260869565217391,0.8260869565217391,0.8260869565217391,0.782608695652174,0.782608695652174,0.5652173913043478
2017,2017-06-02,KUG,177.12,Hopi Blue,0,0,0,0,0,0
2017,2017-06-07,KUG,269.54999999999995,Hopi Blue,0,0,0,0,0,0
2017,2017-06-14,KUG,393.66,Hopi Blue,0,0,0,0,0,0
2017,2017-06-22,KUG,552.5100000000001,Hopi Blue,0,0,0,0,0,0
2017,2017-06-28,KUG,667.5300000000001,Hopi Blue,0,0,0,0,0,0
2017,2017-07-12,KUG,969.4800000000001,Hopi Blue,0,0,0,0,0,0
2017,2017-07-19,KUG,1126.9800000000002,Hopi Blue,0.20689655172413793,0,0,0,0,0
2017,2017-07-26,KUG,1286.3700000000003,Hopi Blue,0.4482758620689655,0.3793103448275862,0.13793103448275862,0.06896551724137931,0,0
2017,2017-08-02,KUG,1437.7500000000005,Hopi Blue,0.6551724137931034,0.5517241379310345,0.4482758620689655,0.10344827586206896,0.06896551724137931,0
2017,2017-08-09,KUG,1580.7600000000004,Hopi Blue,0.7931034482758621,0.7586206896551724,0.6896551724137931,0.3793103448275862,0.27586206896551724,0.034482758620689655
2017,2017-08-16,KUG,1711.8000000000004,Hopi Blue,0.8620689655172413,0.8275862068965517,0.8275862068965517,0.4482758620689655,0.41379310344827586,0.10344827586206896
2017,2017-08-23,KUG,1787.1000000000004,Hopi Blue,0.896551724137931,0.896551724137931,0.896551724137931,0.5862068965517241,0.5517241379310345,0.20689655172413793
2017,2017-08-31,KUG,1953.0000000000005,Hopi Blue,0.896551724137931,0.896551724137931,0.896551724137931,0.6896551724137931,0.6551724137931034,0.4482758620689655
2017,2017-09-06,KUG,2079.4500000000007,Hopi Blue,0.9310344827586207,0.9310344827586207,0.9310344827586207,0.7241379310344828,0.6896551724137931,0.6551724137931034
2017,2017-09-14,KUG,2240.370000000001,Hopi Blue,0.9310344827586207,0.9310344827586207,0.9310344827586207,0.7241379310344828,0.6896551724137931,0.6551724137931034
2009,2009-06-12,PHG,164.88000000000005,Hopi White,0,0,0,0,0,0
2009,2009-06-19,PHG,260.91,Hopi White,0,0,0,0,0,0
2009,2009-06-25,PHG,371.43,Hopi White,0,0,0,0,0,0
2009,2009-07-03,PHG,533.97,Hopi White,0,0,0,0,0,0
2009,2009-07-10,PHG,672.48,Hopi White,0,0,0,0,0,0
2009,2009-07-17,PHG,821.97,Hopi White,0,0,0,0,0,0
2009,2009-07-24,PHG,976.8600000000001,Hopi White,0,0,0,0,0,0
2009,2009-07-31,PHG,1124.8200000000002,Hopi White,0,0,0,0,0,0
2009,2009-08-14,PHG,1406.88,Hopi White,0.17391304347826086,0,0,0,0,0
2009,2009-08-16,PHG,1442.3400000000001,Hopi White,0.17391304347826086,0,0,0,0,0
2009,2009-08-21,PHG,1533.3300000000002,Hopi White,0.17391304347826086,0.13043478260869565,0,0,0,0
2009,2009-08-28,PHG,1667.3850000000002,Hopi White,0.34782608695652173,0.17391304347826086,0.17391304347826086,0,0,0
2009,2009-09-14,PHG,1990.0800000000002,Hopi White,0.6956521739130435,0.391304347826087,0.34782608695652173,0.043478260869565216,0.043478260869565216,0.043478260869565216
2009,2009-09-18,PHG,2046.69,Hopi White,0.6956521739130435,0.391304347826087,0.34782608695652173,0.08695652173913043,0.043478260869565216,0.043478260869565216
2009,2009-09-25,PHG,2123.6400000000003,Hopi White,0.6956521739130435,0.391304347826087,0.34782608695652173,0.08695652173913043,0.043478260869565216,0.043478260869565216
2010,2010-06-11,PHG,351.5400000000001,Hopi White,0,0,0,0,0,0
2010,2010-06-18,PHG,444.6900000000001,Hopi White,0,0,0,0,0,0
2010,2010-06-25,PHG,573.6600000000001,Hopi White,0,0,0,0,0,0
2010,2010-07-02,PHG,727.74,Hopi White,0,0,0,0,0,0
2010,2010-07-09,PHG,866.7,Hopi White,0,0,0,0,0,0
2010,2010-07-15,PHG,991.71,Hopi White,0,0,0,0,0,0
2010,2010-07-23,PHG,1173.4199999999998,Hopi White,0.06666666666666667,0.03333333333333333,0,0,0,0
2010,2010-07-30,PHG,1331.37,Hopi White,0.5333333333333333,0.3333333333333333,0.13333333333333333,0.03333333333333333,0,0
2010,2010-08-06,PHG,1476.27,Hopi White,0.8333333333333334,0.6666666666666666,0.5,0.4666666666666667,0.3,0
2010,2010-08-19,PHG,1737.0900000000001,Hopi White,0.9333333333333333,0.9333333333333333,0.9333333333333333,0.8333333333333334,0.7333333333333333,0.36666666666666664
2010,2010-08-26,PHG,1872.9000000000003,Hopi White,0.9333333333333333,0.9333333333333333,0.9333333333333333,0.8333333333333334,0.7666666666666667,0.6333333333333333
2010,2010-09-09,PHG,2114.5500000000006,Hopi White,1,0.9666666666666667,0.9666666666666667,0.8333333333333334,0.7666666666666667,0.7
2010,2010-09-16,PHG,2221.560000000001,Hopi White,1,1,1,0.8666666666666667,0.8333333333333334,0.7666666666666667
2011,2011-06-14,PHG,357.0300000000001,Qotsa qao,0,0,0,0,0,0
2011,2011-06-24,PHG,526.1400000000001,Qotsa qao,0,0,0,0,0,0
2011,2011-07-01,PHG,672.6600000000001,Qotsa qao,0,0,0,0,0,0
2011,2011-07-08,PHG,837.72,Qotsa qao,0,0,0,0,0,0
2011,2011-07-14,PHG,967.77,Qotsa qao,0,0,0,0,0,0
2011,2011-07-21,PHG,1125.72,Qotsa qao,0,0,0,0,0,0
2011,2011-07-28,PHG,1276.74,Qotsa qao,0,0,0,0,0,0
2011,2011-08-04,PHG,1433.7,Qotsa qao,0.04,0.04,0.04,0,0,0
2011,2011-08-11,PHG,1573.2,Qotsa qao,0.08,0.08,0.04,0,0,0
2011,2011-08-18,PHG,1723.68,Qotsa qao,0.08,0.08,0.08,0.04,0.04,0
2011,2011-08-25,PHG,1874.16,Qotsa qao,0.08,0.08,0.08,0.04,0.04,0
2011,2011-09-02,PHG,2047.5900000000001,Qotsa qao,0.08,0.08,0.08,0.04,0.04,0
2011,2011-09-08,PHG,2160.1800000000007,Qotsa qao,0.08,0.08,0.08,0.04,0.04,0
2011,2011-09-22,PHG,2340.1800000000007,Qotsa qao,0.08,0.08,0.08,0.04,0.04,0
2012,2012-06-13,PHG,453.78,Hopi White,0,0,0,0,0,0
2012,2012-06-21,PHG,599.31,Hopi White,0,0,0,0,0,0
2012,2012-06-29,PHG,782.8199999999999,Hopi White,0,0,0,0,0,0
2012,2012-07-07,PHG,960.3899999999999,Hopi White,0,0,0,0,0,0
2012,2012-07-12,PHG,1068.3899999999999,Hopi White,0,0,0,0,0,0
2012,2012-07-19,PHG,1224.36,Hopi White,0,0,0,0,0,0
2012,2012-07-31,PHG,1501.83,Hopi White,0,0,0,0,0,0
2012,2012-08-02,PHG,1544.31,Hopi White,0,0,0,0,0,0
2012,2012-08-06,PHG,1630.8,Hopi White,0,0,0,0,0,0
2012,2012-08-09,PHG,1698.3,Hopi White,0,0,0,0,0,0
2012,2012-08-17,PHG,1873.8,Hopi White,0,0,0,0,0,0
2012,2012-08-24,PHG,2017.8,Hopi White,0,0,0,0,0,0
2012,2012-08-31,PHG,2172.3300000000004,Hopi White,0,0,0,0,0,0
2012,2012-09-13,PHG,2415.780000000001,Hopi White,0,0,0,0,0,0
2012,2012-09-19,PHG,2508.2100000000014,Hopi White,0,0,0,0,0,0
2012,2012-09-27,PHG,2627.1900000000014,Hopi White,0,0,0,0,0,0
2012,2012-10-05,PHG,2745.270000000001,Hopi White,0,0,0,0,0,0
2013,2013-06-04,PHG,194.94000000000003,Hopi Blue,0,0,0,0,0,0
2013,2013-06-14,PHG,387.0000000000001,Hopi Blue,0,0,0,0,0,0
2013,2013-06-19,PHG,479.52000000000015,Hopi Blue,0,0,0,0,0,0
2013,2013-06-28,PHG,650.1600000000001,Hopi Blue,0,0,0,0,0,0
2013,2013-07-05,PHG,814.77,Hopi Blue,0,0,0,0,0,0
2013,2013-07-11,PHG,958.3199999999999,Hopi Blue,0,0,0,0,0,0
2013,2013-07-18,PHG,1123.3799999999999,Hopi Blue,0,0,0,0,0,0
2013,2013-07-26,PHG,1308.4199999999998,Hopi Blue,0,0,0,0,0,0
2013,2013-08-01,PHG,1443.9599999999998,Hopi Blue,0,0,0,0,0,0
2013,2013-08-09,PHG,1611.0899999999997,Hopi Blue,0,0,0,0,0,0
2013,2013-08-15,PHG,1725.0299999999997,Hopi Blue,0.04,0,0,0,0,0
2013,2013-08-22,PHG,1875.4199999999998,Hopi Blue,0.04,0,0,0,0,0
2013,2013-08-30,PHG,2042.4599999999998,Hopi Blue,0.04,0,0,0,0,0
2013,2013-09-06,PHG,2200.5,Hopi Blue,0.08,0,0,0,0,0
2013,2013-09-16,PHG,2370.419999999999,Hopi Blue,0.12,0.04,0.04,0.04,0.04,0
2013,2013-09-27,PHG,2526.12,Hopi Blue,0.12,0.08,0.08,0.04,0.04,0
2014,2014-06-12,PHG,337.32000000000005,Hopi White,0,0,0,0,0,0
2014,2014-06-19,PHG,460.80000000000007,Hopi White,0,0,0,0,0,0
2014,2014-06-27,PHG,608.85,Hopi White,0,0,0,0,0,0
2014,2014-07-04,PHG,753.3000000000001,Hopi White,0,0,0,0,0,0
2014,2014-07-11,PHG,905.85,Hopi White,0,0,0,0,0,0
2014,2014-07-18,PHG,1065.96,Hopi White,0,0,0,0,0,0
2014,2014-07-24,PHG,1203.93,Hopi White,0,0,0,0,0,0
2014,2014-07-31,PHG,1365.93,Hopi White,0,0,0,0,0,0
2014,2014-08-07,PHG,1518.93,Hopi White,0,0,0,0,0,0
2014,2014-08-15,PHG,1686.51,Hopi White,0,0,0,0,0,0
2014,2014-08-21,PHG,1808.46,Hopi White,0,0,0,0,0,0
2014,2014-08-28,PHG,1922.94,Hopi White,0,0,0,0,0,0
2014,2014-09-05,PHG,2054.97,Hopi White,0,0,0,0,0,0
2014,2014-09-12,PHG,2168.5500000000006,Hopi White,0,0,0,0,0,0
2014,2014-09-18,PHG,2276.1000000000004,Hopi White,0,0,0,0,0,0
2014,2014-09-28,PHG,2456.100000000001,Hopi White,0,0,0,0,0,0
2009,2009-06-12,PLC,164.88000000000005,Kokoma,0,0,0,0,0,0
2009,2009-06-19,PLC,260.91,Kokoma,0,0,0,0,0,0
2009,2009-06-26,PLC,393.93,Kokoma,0,0,0,0,0,0
2009,2009-07-03,PLC,533.97,Kokoma,0,0,0,0,0,0
2009,2009-07-10,PLC,672.48,Kokoma,0,0,0,0,0,0
2009,2009-07-17,PLC,821.97,Kokoma,0,0,0,0,0,0
2009,2009-07-24,PLC,976.8600000000001,Kokoma,0.0625,0,0,0,0,0
2009,2009-07-31,PLC,1124.8200000000002,Kokoma,0.0625,0.0625,0.03125,0.03125,0,0
2009,2009-08-06,PLC,1252.8000000000002,Kokoma,0.0625,0.0625,0.0625,0.03125,0,0
2009,2009-08-14,PLC,1406.88,Kokoma,0.0625,0.0625,0.0625,0.0625,0.0625,0
2009,2009-08-21,PLC,1533.3300000000002,Kokoma,0.0625,0.0625,0.0625,0.0625,0.0625,0.0625
2009,2009-09-01,PLC,1753.3800000000003,Kokoma,0.0625,0.0625,0.0625,0.0625,0.0625,0.0625
2009,2009-09-04,PLC,1811.9700000000003,Kokoma,0.0625,0.0625,0.0625,0.0625,0.0625,0.0625
2009,2009-09-14,PLC,1990.0800000000002,Kokoma,0.0625,0.0625,0.0625,0.0625,0.0625,0.0625
2009,2009-09-18,PLC,2046.69,Kokoma,0.0625,0.0625,0.0625,0.0625,0.0625,0.0625
2009,2009-09-25,PLC,2123.6400000000003,Kokoma,0.0625,0.0625,0.0625,0.0625,0.0625,0.0625
2010,2010-06-11,PLC,351.5400000000001,Greasy-head & Hopi Blue,0,0,0,0,0,0
2010,2010-06-18,PLC,444.6900000000001,Greasy-head & Hopi Blue,0,0,0,0,0,0
2010,2010-06-25,PLC,573.6600000000001,Greasy-head & Hopi Blue,0,0,0,0,0,0
2010,2010-07-02,PLC,727.74,Greasy-head & Hopi Blue,0,0,0,0,0,0
2010,2010-07-09,PLC,866.7,Greasy-head & Hopi Blue,0,0,0,0,0,0
2010,2010-07-15,PLC,991.71,Greasy-head & Hopi Blue,0,0,0,0,0,0
2010,2010-07-23,PLC,1173.4199999999998,Greasy-head & Hopi Blue,0.21052631578947367,0.10526315789473684,0,0,0,0
2010,2010-07-30,PLC,1331.37,Greasy-head & Hopi Blue,0.6052631578947368,0.5,0.13157894736842105,0.13157894736842105,0,0
2010,2010-08-05,PLC,1457.28,Greasy-head & Hopi Blue,0.8421052631578947,0.6578947368421053,0.5,0.5,0.15789473684210525,0
2010,2010-08-20,PLC,1753.5600000000002,Greasy-head & Hopi Blue,0.8947368421052632,0.8947368421052632,0.8947368421052632,0.8157894736842105,0.7631578947368421,0.23684210526315788
2010,2010-08-26,PLC,1872.9000000000003,Greasy-head & Hopi Blue,0.9736842105263158,0.9210526315789473,0.9210526315789473,0.8421052631578947,0.8157894736842105,0.631578947368421
2010,2010-09-09,PLC,2114.5500000000006,Greasy-head & Hopi Blue,1,0.9736842105263158,0.9736842105263158,0.868421052631579,0.8157894736842105,0.7105263157894737
2010,2010-09-16,PLC,2221.560000000001,Greasy-head & Hopi Blue,1,1,1,0.868421052631579,0.8157894736842105,0.7368421052631579
2011,2011-06-16,PLC,393.03000000000014,Hopi Blue,0,0,0,0,0,0
2011,2011-06-23,PLC,508.14000000000016,Hopi Blue,0,0,0,0,0,0
2011,2011-07-01,PLC,672.6600000000001,Hopi Blue,0,0,0,0,0,0
2011,2011-07-08,PLC,837.72,Hopi Blue,0,0,0,0,0,0
2011,2011-07-14,PLC,967.77,Hopi Blue,0,0,0,0,0,0
2011,2011-07-21,PLC,1125.72,Hopi Blue,0.05128205128205128,0,0,0,0,0
2011,2011-07-28,PLC,1276.74,Hopi Blue,0.15384615384615385,0.02564102564102564,0,0,0,0
2011,2011-08-04,PLC,1433.7,Hopi Blue,0.3076923076923077,0.23076923076923078,0.10256410256410256,0,0,0
2011,2011-08-11,PLC,1573.2,Hopi Blue,0.3076923076923077,0.23076923076923078,0.23076923076923078,0.05128205128205128,0.05128205128205128,0
2011,2011-08-18,PLC,1723.68,Hopi Blue,0.3333333333333333,0.3076923076923077,0.3076923076923077,0.10256410256410256,0.07692307692307693,0
2011,2011-08-25,PLC,1874.16,Hopi Blue,0.358974358974359,0.358974358974359,0.358974358974359,0.1282051282051282,0.10256410256410256,0
2011,2011-09-02,PLC,2047.5900000000001,Hopi Blue,0.38461538461538464,0.38461538461538464,0.38461538461538464,0.15384615384615385,0.1282051282051282,0.02564102564102564
2011,2011-09-08,PLC,2160.1800000000007,Hopi Blue,0.41025641025641024,0.41025641025641024,0.38461538461538464,0.15384615384615385,0.1282051282051282,0.02564102564102564
2011,2011-09-16,PLC,2263.230000000001,Hopi Blue,0.41025641025641024,0.41025641025641024,0.38461538461538464,0.15384615384615385,0.1282051282051282,0.02564102564102564
2011,2011-09-22,PLC,2340.1800000000007,Hopi Blue,0.41025641025641024,0.41025641025641024,0.38461538461538464,0.15384615384615385,0.1282051282051282,0.02564102564102564
2012,2012-06-13,PLC,453.78,Hopi Blue,0,0,0,0,0,0
2012,2012-06-21,PLC,599.31,Hopi Blue,0,0,0,0,0,0
2012,2012-06-29,PLC,782.8199999999999,Hopi Blue,0,0,0,0,0,0
2012,2012-07-07,PLC,960.3899999999999,Hopi Blue,0,0,0,0,0,0
2012,2012-07-12,PLC,1068.3899999999999,Hopi Blue,0,0,0,0,0,0
2012,2012-07-19,PLC,1224.36,Hopi Blue,0,0,0,0,0,0
2012,2012-07-25,PLC,1360.8,Hopi Blue,0,0,0,0,0,0
2012,2012-08-02,PLC,1544.31,Hopi Blue,0,0,0,0,0,0
2012,2012-08-09,PLC,1698.3,Hopi Blue,0,0,0,0,0,0
2012,2012-08-17,PLC,1873.8,Hopi Blue,0,0,0,0,0,0
2012,2012-08-24,PLC,2017.8,Hopi Blue,0,0,0,0,0,0
2012,2012-08-31,PLC,2172.3300000000004,Hopi Blue,0,0,0,0,0,0
2012,2012-09-13,PLC,2415.780000000001,Hopi Blue,0,0,0,0,0,0
2012,2012-09-19,PLC,2508.2100000000014,Hopi Blue,0,0,0,0,0,0
2012,2012-09-27,PLC,2627.1900000000014,Hopi Blue,0,0,0,0,0,0
2012,2012-10-05,PLC,2745.270000000001,Hopi Blue,0,0,0,0,0,0
2013,2013-06-04,PLC,194.94000000000003,Hopi Blue,0,0,0,0,0,0
2013,2013-06-14,PLC,387.0000000000001,Hopi Blue,0,0,0,0,0,0
2013,2013-06-19,PLC,479.52000000000015,Hopi Blue,0,0,0,0,0,0
2013,2013-06-28,PLC,650.1600000000001,Hopi Blue,0,0,0,0,0,0
2013,2013-07-05,PLC,814.77,Hopi Blue,0,0,0,0,0,0
2013,2013-07-11,PLC,958.3199999999999,Hopi Blue,0,0,0,0,0,0
2013,2013-07-18,PLC,1123.3799999999999,Hopi Blue,0,0,0,0,0,0
2013,2013-07-26,PLC,1308.4199999999998,Hopi Blue,0,0,0,0,0,0
2013,2013-08-01,PLC,1443.9599999999998,Hopi Blue,0,0,0,0,0,0
2013,2013-08-02,PLC,1466.4599999999998,Hopi Blue,0.3235294117647059,0.17647058823529413,0,0,0,0
2013,2013-08-08,PLC,1596.0599999999997,Hopi Blue,0.3235294117647059,0.17647058823529413,0,0,0,0
2013,2013-08-15,PLC,1725.0299999999997,Hopi Blue,0.5588235294117647,0.3235294117647059,0,0,0,0
2013,2013-08-22,PLC,1875.4199999999998,Hopi Blue,0.5588235294117647,0.35294117647058826,0.029411764705882353,0,0,0
2013,2013-08-30,PLC,2042.4599999999998,Hopi Blue,0.6176470588235294,0.4411764705882353,0.2647058823529412,0.058823529411764705,0.029411764705882353,0
2013,2013-09-06,PLC,2200.5,Hopi Blue,0.6764705882352942,0.5294117647058824,0.4117647058823529,0.38235294117647056,0.2647058823529412,0
2013,2013-09-16,PLC,2370.419999999999,Hopi Blue,0.7058823529411765,0.5588235294117647,0.47058823529411764,0.4411764705882353,0.4411764705882353,0.029411764705882353
2013,2013-09-27,PLC,2526.12,Hopi Blue,0.7058823529411765,0.6470588235294118,0.5588235294117647,0.5588235294117647,0.5294117647058824,0.35294117647058826
2014,2014-06-11,PLC,319.32000000000005,Hopi Blue,0,0,0,0,0,0
2014,2014-06-19,PLC,460.80000000000007,Hopi Blue,0,0,0,0,0,0
2014,2014-06-26,PLC,587.88,Hopi Blue,0,0,0,0,0,0
2014,2014-07-04,PLC,753.3000000000001,Hopi Blue,0,0,0,0,0,0
2014,2014-07-11,PLC,905.85,Hopi Blue,0,0,0,0,0,0
2014,2014-07-18,PLC,1065.96,Hopi Blue,0,0,0,0,0,0
2014,2014-07-25,PLC,1229.94,Hopi Blue,0,0,0,0,0,0
2014,2014-07-31,PLC,1365.93,Hopi Blue,0,0,0,0,0,0
2014,2014-08-15,PLC,1686.51,Hopi Blue,0,0,0,0,0,0
2014,2014-08-21,PLC,1808.46,Hopi Blue,0,0,0,0,0,0
2014,2014-08-28,PLC,1922.94,Hopi Blue,0,0,0,0,0,0
2014,2014-09-05,PLC,2054.97,Hopi Blue,0,0,0,0,0,0
2014,2014-09-12,PLC,2168.5500000000006,Hopi Blue,0,0,0,0,0,0
2014,2014-09-18,PLC,2276.1000000000004,Hopi Blue,0,0,0,0,0,0
2014,2014-09-28,PLC,2456.100000000001,Hopi Blue,0,0,0,0,0,0
2015,2015-06-19,PLC,404.09999999999997,Hopi Blue,0,0,0,0,0,0
2015,2015-06-25,PLC,525.0600000000001,Hopi Blue,0,0,0,0,0,0
2015,2015-07-02,PLC,688.5000000000001,Hopi Blue,0,0,0,0,0,0
2015,2015-07-09,PLC,828.9450000000002,Hopi Blue,0,0,0,0,0,0
2015,2015-07-16,PLC,958.3650000000002,Hopi Blue,0.4,0.06666666666666667,0,0,0,0
2015,2015-07-23,PLC,1094.8950000000002,Hopi Blue,0.8666666666666667,0.6,0.06666666666666667,0,0,0
2015,2015-07-30,PLC,1238.4450000000002,Hopi Blue,0.9666666666666667,0.8666666666666667,0.7333333333333333,0.3333333333333333,0.13333333333333333,0
2015,2015-08-06,PLC,1382.085,Hopi Blue,1,0.9666666666666667,0.9666666666666667,0.8333333333333334,0.7666666666666667,0
2015,2015-08-13,PLC,1530.045,Hopi Blue,1,0.9666666666666667,0.9666666666666667,0.8666666666666667,0.8666666666666667,0
2015,2015-08-20,PLC,1675.035,Hopi Blue,1,1,1,0.9333333333333333,0.9333333333333333,0.16666666666666666
2015,2015-08-27,PLC,1818.045,Hopi Blue,1,1,1,0.9333333333333333,0.9333333333333333,0.3
2015,2015-09-03,PLC,1962.4950000000001,Hopi Blue,1,1,1,0.9333333333333333,0.9333333333333333,0.5666666666666667
2015,2015-09-10,PLC,2083.005,Hopi Blue,1,1,1,0.9333333333333333,0.9333333333333333,0.7333333333333333
2015,2015-09-16,PLC,2188.035,Hopi Blue,1,1,1,0.9333333333333333,0.9333333333333333,0.8333333333333334
2015,2015-09-17,PLC,2202.5249999999996,Hopi Blue,1,1,1,0.9333333333333333,0.9333333333333333,0.8333333333333334
2016,2016-06-08,PLC,226.07999999999998,Hopi Blue,0,0,0,0,0,0
2016,2016-06-15,PLC,358.11,Hopi Blue,0,0,0,0,0,0
2016,2016-06-23,PLC,525.6,Hopi Blue,0,0,0,0,0,0
2016,2016-06-30,PLC,685.08,Hopi Blue,0,0,0,0,0,0
2016,2016-07-07,PLC,812.6999999999999,Hopi Blue,0,0,0,0,0,0
2016,2016-07-14,PLC,947.2499999999999,Hopi Blue,0.03571428571428571,0.03571428571428571,0,0,0,0
2016,2016-07-22,PLC,1120.23,Hopi Blue,0.07142857142857142,0.03571428571428571,0.03571428571428571,0,0,0
2016,2016-07-28,PLC,1259.64,Hopi Blue,0.14285714285714285,0.07142857142857142,0.03571428571428571,0.03571428571428571,0.03571428571428571,0
2016,2016-08-03,PLC,1396.71,Hopi Blue,0.25,0.21428571428571427,0.10714285714285714,0.07142857142857142,0.03571428571428571,0
2016,2016-08-11,PLC,1566.18,Hopi Blue,0.8214285714285714,0.6071428571428571,0.35714285714285715,0.17857142857142858,0.14285714285714285,0
2016,2016-08-18,PLC,1705.68,Hopi Blue,0.8928571428571429,0.8928571428571429,0.6785714285714286,0.6428571428571429,0.42857142857142855,0.03571428571428571
2016,2016-08-25,PLC,1826.19,Hopi Blue,0.9642857142857143,0.9285714285714286,0.8928571428571429,0.8571428571428571,0.75,0.14285714285714285
2016,2016-09-01,PLC,1937.25,Hopi Blue,1,1,1,1,0.8928571428571429,0.39285714285714285
2016,2016-09-07,PLC,2047.77,Hopi Blue,1,1,1,1,0.8928571428571429,0.6428571428571429
2016,2016-09-14,PLC,2163.69,Hopi Blue,1,1,1,1,1,0.8214285714285714
2016,2016-09-23,PLC,2303.2799999999997,Hopi Blue,1,1,1,1,1,0.8214285714285714
2017,2017-06-02,PLC,177.12,Hopi Blue,0,0,0,0,0,0
2017,2017-06-07,PLC,269.54999999999995,Hopi Blue,0,0,0,0,0,0
2017,2017-06-14,PLC,393.66,Hopi Blue,0,0,0,0,0,0
2017,2017-06-22,PLC,552.5100000000001,Hopi Blue,0,0,0,0,0,0
2017,2017-06-28,PLC,667.5300000000001,Hopi Blue,0,0,0,0,0,0
2017,2017-07-05,PLC,801.9900000000001,Hopi Blue,0,0,0,0,0,0
2017,2017-07-12,PLC,969.4800000000001,Hopi Blue,0.2857142857142857,0.14285714285714285,0,0,0,0
2017,2017-07-19,PLC,1126.9800000000002,Hopi Blue,0.6071428571428571,0.5,0,0,0,0
2017,2017-07-26,PLC,1286.3700000000003,Hopi Blue,0.7857142857142857,0.75,0.5,0.32142857142857145,0.21428571428571427,0
2017,2017-08-02,PLC,1437.7500000000005,Hopi Blue,0.8571428571428571,0.8571428571428571,0.7142857142857143,0.5714285714285714,0.42857142857142855,0
2017,2017-08-09,PLC,1580.7600000000004,Hopi Blue,0.8571428571428571,0.8571428571428571,0.8571428571428571,0.7142857142857143,0.6785714285714286,0.25
2017,2017-08-16,PLC,1711.8000000000004,Hopi Blue,0.8928571428571429,0.8928571428571429,0.8928571428571429,0.7142857142857143,0.7142857142857143,0.35714285714285715
2017,2017-08-31,PLC,1953.0000000000005,Hopi Blue,0.8928571428571429,0.8928571428571429,0.8928571428571429,0.7142857142857143,0.7142857142857143,0.6071428571428571
2017,2017-09-06,PLC,2079.4500000000007,Hopi Blue,0.8928571428571429,0.8928571428571429,0.8928571428571429,0.7142857142857143,0.7142857142857143,0.7142857142857143
2017,2017-09-14,PLC,2240.370000000001,Hopi Blue,0.8928571428571429,0.8928571428571429,0.8928571428571429,0.7142857142857143,0.7142857142857143,0.7142857142857143
2018,2018-06-06,PLC,326.43,Hopi Blue,0,0,0,0,0,0
2018,2018-06-13,PLC,453.96000000000004,Hopi Blue,0,0,0,0,0,0
2018,2018-06-21,PLC,598.4100000000001,Hopi Blue,0,0,0,0,0,0
2018,2018-06-27,PLC,711,Hopi Blue,0,0,0,0,0,0
2018,2018-07-04,PLC,845.55,Hopi Blue,0,0,0,0,0,0
2018,2018-07-11,PLC,1004.5799999999999,Hopi Blue,0,0,0,0,0,0
2018,2018-07-17,PLC,1143.6299999999999,Hopi Blue,0,0,0,0,0,0
2018,2018-07-25,PLC,1335.51,Hopi Blue,0,0,0,0,0,0
2018,2018-08-01,PLC,1490.94,Hopi Blue,0,0,0,0,0,0
2018,2018-08-08,PLC,1645.92,Hopi Blue,0,0,0,0,0,0
2018,2018-08-16,PLC,1822.41,Hopi Blue,0,0,0,0,0,0
2018,2018-08-22,PLC,1948.8600000000001,Hopi Blue,0,0,0,0,0,0
2018,2018-08-29,PLC,2079.81,Hopi Blue,0,0,0,0,0,0
2018,2018-09-05,PLC,2201.85,Hopi Blue,0,0,0,0,0,0
2018,2018-09-12,PLC,2332.89,Hopi Blue,0,0,0,0,0,0
2018,2018-09-19,PLC,2463.2999999999993,Hopi Blue,0,0,0,0,0,0
2018,2018-09-27,PLC,2585.789999999999,Hopi Blue,0,0,0,0,0,0
2019,2019-06-12,PLC,208.52999999999997,Hopi Blue,0,0,0,0,0,0
2019,2019-06-19,PLC,324.45,Hopi Blue,0,0,0,0,0,0
2019,2019-06-26,PLC,438.47999999999996,Hopi Blue,0,0,0,0,0,0
2019,2019-07-03,PLC,583.1099999999999,Hopi Blue,0,0,0,0,0,0
2019,2019-07-10,PLC,718.02,Hopi Blue,0,0,0,0,0,0
2019,2019-07-17,PLC,876.06,Hopi Blue,0,0,0,0,0,0
2019,2019-07-24,PLC,1028.07,Hopi Blue,0.32,0.04,0,0,0,0
2019,2019-07-31,PLC,1187.1,Hopi Blue,0.64,0.44,0.08,0.08,0.04,0
2019,2019-08-08,PLC,1367.1,Hopi Blue,0.8,0.8,0.64,0.24,0.12,0
2019,2019-08-14,PLC,1490.1299999999999,Hopi Blue,0.84,0.84,0.72,0.44,0.32,0
2019,2019-08-21,PLC,1627.6499999999999,Hopi Blue,0.84,0.84,0.84,0.6,0.56,0
2019,2019-08-28,PLC,1767.6899999999998,Hopi Blue,0.84,0.84,0.84,0.64,0.56,0
2019,2019-09-04,PLC,1912.2299999999998,Hopi Blue,0.84,0.84,0.84,0.64,0.6,0.44
2019,2019-09-11,PLC,2051.19,Hopi Blue,0.84,0.84,0.84,0.64,0.6,0.48
2020,2020-06-03,PLC,233.46000000000004,Hopi Blue,0,0,0,0,0,0
2020,2020-06-10,PLC,347.4900000000001,Hopi Blue,0,0,0,0,0,0
2020,2020-06-17,PLC,486.54000000000013,Hopi Blue,0,0,0,0,0,0
2020,2020-06-24,PLC,613.1700000000001,Hopi Blue,0,0,0,0,0,0
2020,2020-07-01,PLC,751.77,Hopi Blue,0,0,0,0,0,0
2020,2020-07-08,PLC,893.16,Hopi Blue,0,0,0,0,0,0
2020,2020-07-15,PLC,1039.77,Hopi Blue,0,0,0,0,0,0
2020,2020-07-22,PLC,1199.25,Hopi Blue,0,0,0,0,0,0
2020,2020-07-30,PLC,1361.16,Hopi Blue,0,0,0,0,0,0
2020,2020-08-05,PLC,1496.0700000000002,Hopi Blue,0,0,0,0,0,0
2020,2020-08-12,PLC,1634.13,Hopi Blue,0,0,0,0,0,0
2020,2020-08-19,PLC,1787.13,Hopi Blue,0,0,0,0,0,0
2020,2020-08-26,PLC,1947.15,Hopi Blue,0,0,0,0,0,0
2020,2020-09-02,PLC,2093.67,Hopi Blue,0,0,0,0,0,0
2020,2020-09-16,PLC,2289.78,Hopi Blue,0.12,0.08,0,0,0,0
2020,2020-09-23,PLC,2414.7,Hopi Blue,0.2,0.12,0.08,0.08,0,0
2020,2020-09-30,PLC,2522.0699999999997,Hopi Blue,0.32,0.28,0.12,0.12,0.04,0
2021,2021-06-02,PLC,203.85000000000002,Hopi Blue,0,0,0,0,0,0
2021,2021-06-09,PLC,341.37000000000006,Hopi Blue,0,0,0,0,0,0
2021,2021-06-17,PLC,498.96000000000015,Hopi Blue,0,0,0,0,0,0
2021,2021-06-23,PLC,629.8200000000003,Hopi Blue,0,0,0,0,0,0
2021,2021-07-01,PLC,769.4100000000002,Hopi Blue,0,0,0,0,0,0
2021,2021-07-07,PLC,908.3700000000002,Hopi Blue,0,0,0,0,0,0
2021,2021-07-15,PLC,1098.2700000000002,Hopi Blue,0,0,0,0,0,0
2021,2021-07-21,PLC,1244.1600000000003,Hopi Blue,0,0,0,0,0,0
2021,2021-07-28,PLC,1402.1100000000004,Hopi Blue,0,0,0,0,0,0
2021,2021-08-04,PLC,1554.8400000000001,Hopi Blue,0,0,0,0,0,0
2021,2021-08-11,PLC,1695.7800000000002,Hopi Blue,0,0,0,0,0,0
2021,2021-08-18,PLC,1848.8700000000001,Hopi Blue,0,0,0,0,0,0
2021,2021-08-26,PLC,1994.3100000000002,Hopi Blue,0.037037037037037035,0,0,0,0,0
2021,2021-09-01,PLC,2119.32,Hopi Blue,0.037037037037037035,0,0,0,0,0
2021,2021-09-08,PLC,2234.25,Hopi Blue,0.14814814814814814,0.14814814814814814,0.037037037037037035,0.037037037037037035,0,0
2022,2022-06-15,PLC,369.27,Hopi Blue,0,0,0,0,0,0
2022,2022-06-22,PLC,502.20000000000005,Hopi Blue,0,0,0,0,0,0
2022,2022-06-29,PLC,638.73,Hopi Blue,0,0,0,0,0,0
2022,2022-07-06,PLC,796.5900000000001,Hopi Blue,0,0,0,0,0,0
2022,2022-07-13,PLC,948.5100000000001,Hopi Blue,0,0,0,0,0,0
2022,2022-07-20,PLC,1115.64,Hopi Blue,0,0,0,0,0,0
2022,2022-07-26,PLC,1263.15,Hopi Blue,0,0,0,0,0,0
2022,2022-08-03,PLC,1442.16,Hopi Blue,0,0,0,0,0,0
2022,2022-08-10,PLC,1604.34,Hopi Blue,0,0,0,0,0,0
2022,2022-08-17,PLC,1763.82,Hopi Blue,0,0,0,0,0,0
2022,2022-08-24,PLC,1907.82,Hopi Blue,0,0,0,0,0,0
2022,2022-09-07,PLC,2196.18,Hopi Blue,0,0,0,0,0,0
2022,2022-09-21,PLC,2446.6499999999996,Hopi Blue,0,0,0,0,0,0
2023,2023-06-07,PLC,206.64000000000001,Hopi Blue,0,0,0,0,0,0
2023,2023-06-14,PLC,305.64,Hopi Blue,0,0,0,0,0,0
2023,2023-06-21,PLC,424.53,Hopi Blue,0,0,0,0,0,0
2023,2023-06-28,PLC,551.97,Hopi Blue,0,0,0,0,0,0
2023,2023-07-05,PLC,684.99,Hopi Blue,0,0,0,0,0,0
2023,2023-07-12,PLC,825.5699999999999,Hopi Blue,0,0,0,0,0,0
2023,2023-07-19,PLC,978.48,Hopi Blue,0,0,0,0,0,0
2023,2023-07-26,PLC,1143.09,Hopi Blue,0.045454545454545456,0,0,0,0,0
2023,2023-08-09,PLC,1451.52,Hopi Blue,0.6363636363636364,0.5454545454545454,0.09090909090909091,0,0,0
2023,2023-08-16,PLC,1602.6299999999999,Hopi Blue,0.7727272727272727,0.7272727272727273,0.5909090909090909,0.4090909090909091,0.22727272727272727,0
2023,2023-08-23,PLC,1774.7099999999998,Hopi Blue,0.9545454545454546,0.8636363636363636,0.8636363636363636,0.6818181818181818,0.4090909090909091,0.045454545454545456
2023,2023-08-30,PLC,1921.1399999999999,Hopi Blue,1,1,1,0.9545454545454546,0.8181818181818182,0.09090909090909091
2023,2023-09-06,PLC,2059.56,Hopi Blue,1,1,1,1,0.9090909090909091,0.36363636363636365
2023,2023-09-13,PLC,2185.0199999999995,Hopi Blue,1,1,1,1,0.9090909090909091,0.7272727272727273
2023,2023-09-20,PLC,2277.539999999999,Hopi Blue,1,1,1,1,1,0.8181818181818182
2023,2023-09-30,PLC,2422.4849999999997,Hopi Blue,1,1,1,1,1,0.8181818181818182
2009,2009-06-12,POG,164.88000000000005,Greasy-head,0,0,0,0,0,0
2009,2009-06-19,POG,260.91,Greasy-head,0,0,0,0,0,0
2009,2009-06-25,POG,371.43,Greasy-head,0,0,0,0,0,0
2009,2009-07-03,POG,533.97,Greasy-head,0,0,0,0,0,0
2009,2009-07-10,POG,672.48,Greasy-head,0,0,0,0,0,0
2009,2009-07-17,POG,821.97,Greasy-head,0,0,0,0,0,0
2009,2009-07-20,POG,889.9200000000001,Greasy-head,0,0,0,0,0,0
2009,2009-07-24,POG,976.8600000000001,Greasy-head,0.25,0,0,0,0,0
2009,2009-07-31,POG,1124.8200000000002,Greasy-head,0.5714285714285714,0.42857142857142855,0.03571428571428571,0,0,0
2009,2009-08-06,POG,1252.8000000000002,Greasy-head,0.8928571428571429,0.5,0.25,0.14285714285714285,0,0
2009,2009-08-14,POG,1406.88,Greasy-head,0.9285714285714286,0.8214285714285714,0.5357142857142857,0.5357142857142857,0.39285714285714285,0
2009,2009-08-21,POG,1533.3300000000002,Greasy-head,0.9285714285714286,0.9285714285714286,0.7142857142857143,0.5714285714285714,0.42857142857142855,0.2857142857142857
2009,2009-09-01,POG,1753.3800000000003,Greasy-head,0.9642857142857143,0.9642857142857143,0.9285714285714286,0.9285714285714286,0.8214285714285714,0.5357142857142857
2009,2009-09-04,POG,1811.9700000000003,Greasy-head,0.9642857142857143,0.9642857142857143,0.9285714285714286,0.9285714285714286,0.9285714285714286,0.6428571428571429
2009,2009-09-14,POG,1990.0800000000002,Greasy-head,0.9642857142857143,0.9642857142857143,0.9642857142857143,0.9642857142857143,0.9285714285714286,0.9285714285714286
2009,2009-09-18,POG,2046.69,Greasy-head,0.9642857142857143,0.9642857142857143,0.9642857142857143,0.9642857142857143,0.9285714285714286,0.9285714285714286
2009,2009-09-24,POG,2112.6600000000003,Greasy-head,0.9642857142857143,0.9642857142857143,0.9642857142857143,0.9642857142857143,0.9285714285714286,0.9285714285714286
2009,2009-09-25,POG,2123.6400000000003,Greasy-head,0.9642857142857143,0.9642857142857143,0.9642857142857143,0.9642857142857143,0.9285714285714286,0.9285714285714286
2010,2010-06-11,POG,351.5400000000001,Greasy-head,0,0,0,0,0,0
2010,2010-06-18,POG,444.6900000000001,Greasy-head,0,0,0,0,0,0
2010,2010-06-25,POG,573.6600000000001,Greasy-head,0,0,0,0,0,0
2010,2010-07-02,POG,727.74,Greasy-head,0,0,0,0,0,0
2010,2010-07-09,POG,866.7,Greasy-head,0,0,0,0,0,0
2010,2010-07-15,POG,991.71,Greasy-head,0,0,0,0,0,0
2010,2010-07-23,POG,1173.4199999999998,Greasy-head,0.06666666666666667,0,0,0,0,0
2010,2010-07-30,POG,1331.37,Greasy-head,0.4666666666666667,0.26666666666666666,0.03333333333333333,0.03333333333333333,0,0
2010,2010-08-05,POG,1457.28,Greasy-head,0.6666666666666666,0.5666666666666667,0.26666666666666666,0.26666666666666666,0.06666666666666667,0
2010,2010-08-20,POG,1753.5600000000002,Greasy-head,0.9333333333333333,0.9333333333333333,0.9,0.8666666666666667,0.7333333333333333,0.1
2010,2010-08-26,POG,1872.9000000000003,Greasy-head,0.9666666666666667,0.9333333333333333,0.9333333333333333,0.9333333333333333,0.8666666666666667,0.6333333333333333
2010,2010-09-09,POG,2114.5500000000006,Greasy-head,0.9666666666666667,0.9666666666666667,0.9666666666666667,0.9666666666666667,0.9666666666666667,0.8666666666666667
2010,2010-09-16,POG,2221.560000000001,Greasy-head,0.9666666666666667,0.9666666666666667,0.9666666666666667,0.9666666666666667,0.9666666666666667,0.9666666666666667
2011,2011-06-14,POG,357.0300000000001,Hopi White,0,0,0,0,0,0
2011,2011-06-23,POG,508.14000000000016,Hopi White,0,0,0,0,0,0
2011,2011-07-01,POG,672.6600000000001,Hopi White,0,0,0,0,0,0
2011,2011-07-08,POG,837.72,Hopi White,0,0,0,0,0,0
2011,2011-07-14,POG,967.77,Hopi White,0,0,0,0,0,0
2011,2011-07-21,POG,1125.72,Hopi White,0,0,0,0,0,0
2011,2011-07-28,POG,1276.74,Hopi White,0.23076923076923078,0.038461538461538464,0,0,0,0
2011,2011-08-04,POG,1433.7,Hopi White,0.38461538461538464,0.34615384615384615,0.038461538461538464,0,0,0
2011,2011-08-11,POG,1573.2,Hopi White,0.7692307692307693,0.6153846153846154,0.38461538461538464,0.19230769230769232,0.07692307692307693,0
2011,2011-08-18,POG,1723.68,Hopi White,0.9615384615384616,0.8846153846153846,0.7692307692307693,0.5384615384615384,0.4230769230769231,0
2011,2011-08-25,POG,1874.16,Hopi White,1,1,0.8461538461538461,0.8076923076923077,0.6923076923076923,0
2011,2011-09-02,POG,2047.5900000000001,Hopi White,1,1,1,0.8846153846153846,0.8461538461538461,0.15384615384615385
2011,2011-09-08,POG,2160.1800000000007,Hopi White,1,1,1,1,1,0.38461538461538464
2011,2011-09-16,POG,2263.230000000001,Hopi White,1,1,1,1,1,0.7692307692307693
2011,2011-09-22,POG,2340.1800000000007,Hopi White,1,1,1,1,1,1
2012,2012-06-13,POG,453.78,Hopi White,0,0,0,0,0,0
2012,2012-06-21,POG,599.31,Hopi White,0,0,0,0,0,0
2012,2012-06-29,POG,782.8199999999999,Hopi White,0,0,0,0,0,0
2012,2012-07-07,POG,960.3899999999999,Hopi White,0,0,0,0,0,0
2012,2012-07-12,POG,1068.3899999999999,Hopi White,0,0,0,0,0,0
2012,2012-07-19,POG,1224.36,Hopi White,0,0,0,0,0,0
2012,2012-07-25,POG,1360.8,Hopi White,0,0,0,0,0,0
2012,2012-08-02,POG,1544.31,Hopi White,0,0,0,0,0,0
2012,2012-08-09,POG,1698.3,Hopi White,0,0,0,0,0,0
2012,2012-08-17,POG,1873.8,Hopi White,0,0,0,0,0,0
2012,2012-08-24,POG,2017.8,Hopi White,0,0,0,0,0,0
2012,2012-08-31,POG,2172.3300000000004,Hopi White,0,0,0,0,0,0
2012,2012-09-13,POG,2415.780000000001,Hopi White,0,0,0,0,0,0
2012,2012-09-19,POG,2508.2100000000014,Hopi White,0,0,0,0,0,0
2012,2012-09-27,POG,2627.1900000000014,Hopi White,0,0,0,0,0,0
2012,2012-10-05,POG,2745.270000000001,Hopi White,0,0,0,0,0,0
2013,2013-06-04,POG,194.94000000000003,Hopi White,0,0,0,0,0,0
2013,2013-06-14,POG,387.0000000000001,Hopi White,0,0,0,0,0,0
2013,2013-06-19,POG,479.52000000000015,Hopi White,0,0,0,0,0,0
2013,2013-06-28,POG,650.1600000000001,Hopi White,0,0,0,0,0,0
2013,2013-07-05,POG,814.77,Hopi White,0,0,0,0,0,0
2013,2013-07-11,POG,958.3199999999999,Hopi White,0,0,0,0,0,0
2013,2013-07-18,POG,1123.3799999999999,Hopi White,0,0,0,0,0,0
2013,2013-07-26,POG,1308.4199999999998,Hopi White,0,0,0,0,0,0
2013,2013-08-01,POG,1443.9599999999998,Hopi White,0,0,0,0,0,0
2013,2013-08-08,POG,1596.0599999999997,Hopi White,0,0,0,0,0,0
2013,2013-08-15,POG,1725.0299999999997,Hopi White,0.12,0.04,0,0,0,0
2013,2013-08-22,POG,1875.4199999999998,Hopi White,0.24,0.08,0,0,0,0
2013,2013-08-30,POG,2042.4599999999998,Hopi White,0.24,0.2,0.12,0.04,0,0
2013,2013-09-06,POG,2200.5,Hopi White,0.32,0.28,0.28,0.28,0.12,0
2013,2013-09-16,POG,2370.419999999999,Hopi White,0.36,0.36,0.36,0.36,0.28,0
2013,2013-09-27,POG,2526.12,Hopi White,0.36,0.36,0.36,0.36,0.28,0.12
2014,2014-06-12,POG,337.32000000000005,Hopi White,0,0,0,0,0,0
2014,2014-06-19,POG,460.80000000000007,Hopi White,0,0,0,0,0,0
2014,2014-06-26,POG,587.88,Hopi White,0,0,0,0,0,0
2014,2014-07-04,POG,753.3000000000001,Hopi White,0,0,0,0,0,0
2014,2014-07-11,POG,905.85,Hopi White,0,0,0,0,0,0
2014,2014-07-18,POG,1065.96,Hopi White,0,0,0,0,0,0
2014,2014-07-24,POG,1203.93,Hopi White,0,0,0,0,0,0
2014,2014-07-31,POG,1365.93,Hopi White,0,0,0,0,0,0
2014,2014-08-07,POG,1518.93,Hopi White,0,0,0,0,0,0
2014,2014-08-15,POG,1686.51,Hopi White,0,0,0,0,0,0
2014,2014-08-21,POG,1808.46,Hopi White,0,0,0,0,0,0
2014,2014-08-28,POG,1922.94,Hopi White,0,0,0,0,0,0
2014,2014-09-05,POG,2054.97,Hopi White,0,0,0,0,0,0
2014,2014-09-12,POG,2168.5500000000006,Hopi White,0,0,0,0,0,0
2014,2014-09-18,POG,2276.1000000000004,Hopi White,0,0,0,0,0,0
2014,2014-09-28,POG,2456.100000000001,Hopi White,0.05,0.05,0,0,0,0
2015,2015-06-19,POG,404.09999999999997,Hopi White,0,0,0,0,0,0
2015,2015-06-25,POG,525.0600000000001,Hopi White,0,0,0,0,0,0
2015,2015-07-02,POG,688.5000000000001,Hopi White,0,0,0,0,0,0
2015,2015-07-09,POG,828.9450000000002,Hopi White,0,0,0,0,0,0
2015,2015-07-16,POG,958.3650000000002,Hopi White,0,0,0,0,0,0
2015,2015-07-23,POG,1094.8950000000002,Hopi White,0.3,0,0,0,0,0
2015,2015-07-30,POG,1238.4450000000002,Hopi White,0.65,0.6,0.05,0.05,0,0
2015,2015-08-06,POG,1382.085,Hopi White,0.95,0.9,0.6,0.55,0.3,0
2015,2015-08-13,POG,1530.045,Hopi White,0.95,0.95,0.9,0.75,0.7,0
2015,2015-08-20,POG,1675.035,Hopi White,0.95,0.95,0.95,0.85,0.85,0
2015,2015-08-28,POG,1836.585,Hopi White,0.95,0.95,0.95,0.95,0.95,0.05
2015,2015-09-03,POG,1962.4950000000001,Hopi White,0.95,0.95,0.95,0.95,0.95,0.8
2015,2015-09-10,POG,2083.005,Hopi White,0.95,0.95,0.95,0.95,0.95,0.95
2015,2015-09-16,POG,2188.035,Hopi White,0.95,0.95,0.95,0.95,0.95,0.95
2015,2015-09-17,POG,2202.5249999999996,Hopi White,0.95,0.95,0.95,0.95,0.95,0.95
2016,2016-06-08,POG,226.07999999999998,Hopi White,0,0,0,0,0,0
2016,2016-06-15,POG,358.11,Hopi White,0,0,0,0,0,0
2016,2016-06-23,POG,525.6,Hopi White,0,0,0,0,0,0
2016,2016-06-30,POG,685.08,Hopi White,0,0,0,0,0,0
2016,2016-07-07,POG,812.6999999999999,Hopi White,0,0,0,0,0,0
2016,2016-07-14,POG,947.2499999999999,Hopi White,0,0,0,0,0,0
2016,2016-07-22,POG,1120.23,Hopi White,0,0,0,0,0,0
2016,2016-07-28,POG,1259.64,Hopi White,0.04,0,0,0,0,0
2016,2016-08-03,POG,1396.71,Hopi White,0.36,0.08,0,0,0,0
2016,2016-08-11,POG,1566.18,Hopi White,0.64,0.44,0.08,0.08,0,0
2016,2016-08-18,POG,1705.68,Hopi White,0.84,0.68,0.44,0.28,0.2,0
2016,2016-08-25,POG,1826.19,Hopi White,0.96,0.88,0.72,0.64,0.44,0
2016,2016-09-01,POG,1937.25,Hopi White,0.96,0.92,0.88,0.88,0.68,0.08
2016,2016-09-07,POG,2047.77,Hopi White,0.96,0.96,0.92,0.92,0.88,0.16
2016,2016-09-14,POG,2163.69,Hopi White,0.96,0.96,0.96,0.96,0.92,0.56
2016,2016-09-23,POG,2303.2799999999997,Hopi White,0.96,0.96,0.96,0.96,0.92,0.56
2017,2017-06-02,POG,184.59,Hopi White,0,0,0,0,0,0
2017,2017-06-07,POG,277.02,Hopi White,0,0,0,0,0,0
2017,2017-06-14,POG,401.13000000000005,Hopi White,0,0,0,0,0,0
2017,2017-06-22,POG,559.9800000000001,Hopi White,0,0,0,0,0,0
2017,2017-06-28,POG,675.0000000000001,Hopi White,0,0,0,0,0,0
2017,2017-07-05,POG,809.46000000000015,Hopi White,0,0,0,0,0,0
2017,2017-07-12,POG,976.9500000000002,Hopi White,0,0,0,0,0,0
2017,2017-07-19,POG,1134.4500000000003,Hopi White,0.12,0,0,0,0,0
2017,2017-07-26,POG,1293.8400000000004,Hopi White,0.8,0.56,0.08,0.08,0,0
2017,2017-08-02,POG,1445.2200000000005,Hopi White,0.96,0.88,0.6,0.6,0.2,0
2017,2017-08-09,POG,1588.2300000000005,Hopi White,1,1,0.88,0.8,0.72,0
2017,2017-08-16,POG,1719.2700000000004,Hopi White,1,1,1,0.88,0.8,0.32
2017,2017-08-23,POG,1794.5700000000004,Hopi White,1,1,1,1,1,0.64
2017,2017-08-31,POG,1960.4700000000005,Hopi White,1,1,1,1,1,0.8
2017,2017-09-06,POG,2086.9200000000005,Hopi White,1,1,1,1,1,0.96
2017,2017-09-14,POG,2247.8400000000006,Hopi White,1,1,1,1,1,0.96
2018,2018-06-06,POG,326.43,Hopi White,0,0,0,0,0,0
2018,2018-06-13,POG,453.96000000000004,Hopi White,0,0,0,0,0,0
2018,2018-06-21,POG,598.4100000000001,Hopi White,0,0,0,0,0,0
2018,2018-06-27,POG,711,Hopi White,0,0,0,0,0,0
2018,2018-07-04,POG,845.55,Hopi White,0,0,0,0,0,0
2018,2018-07-11,POG,1004.5799999999999,Hopi White,0,0,0,0,0,0
2018,2018-07-17,POG,1143.6299999999999,Hopi White,0,0,0,0,0,0
2018,2018-07-25,POG,1335.51,Hopi White,0,0,0,0,0,0
2018,2018-08-01,POG,1490.94,Hopi White,0.1,0,0,0,0,0
2018,2018-08-08,POG,1645.92,Hopi White,0.1,0.05,0,0,0,0
2018,2018-08-16,POG,1822.41,Hopi White,0.1,0.1,0.1,0.05,0,0
2018,2018-08-22,POG,1948.8600000000001,Hopi White,0.15,0.1,0.1,0.1,0.05,0
2018,2018-08-29,POG,2079.81,Hopi White,0.2,0.1,0.1,0.1,0.1,0.1
2018,2018-09-05,POG,2201.85,Hopi White,0.2,0.2,0.1,0.1,0.1,0.1
2018,2018-09-12,POG,2332.89,Hopi White,0.2,0.2,0.2,0.1,0.1,0.1
2018,2018-09-19,POG,2463.2999999999993,Hopi White,0.2,0.2,0.2,0.2,0.1,0.1
2018,2018-09-27,POG,2585.789999999999,Hopi White,0.2,0.2,0.2,0.2,0.1,0.1
2019,2019-06-12,POG,208.52999999999997,Hopi White,0,0,0,0,0,0
2019,2019-06-19,POG,324.45,Hopi White,0,0,0,0,0,0
2019,2019-06-26,POG,438.47999999999996,Hopi White,0,0,0,0,0,0
2019,2019-07-03,POG,583.1099999999999,Hopi White,0,0,0,0,0,0
2019,2019-07-10,POG,718.02,Hopi White,0,0,0,0,0,0
2019,2019-07-17,POG,876.06,Hopi White,0,0,0,0,0,0
2019,2019-07-24,POG,1028.07,Hopi White,0,0,0,0,0,0
2019,2019-07-31,POG,1187.1,Hopi White,0.3,0,0,0,0,0
2019,2019-08-08,POG,1367.1,Hopi White,0.6,0.45,0.25,0.2,0.05,0
2019,2019-08-14,POG,1490.1299999999999,Hopi White,0.95,0.75,0.4,0.4,0.2,0
2019,2019-08-21,POG,1627.6499999999999,Hopi White,1,0.95,0.75,0.55,0.35,0
2019,2019-08-28,POG,1767.6899999999998,Hopi White,1,0.95,0.95,0.7,0.7,0.05
2019,2019-09-04,POG,1912.2299999999998,Hopi White,1,1,0.95,0.9,0.85,0.15
2019,2019-09-11,POG,2051.19,Hopi White,1,1,1,0.95,0.95,0.35
2020,2020-06-03,POG,233.46000000000004,Hopi White,0,0,0,0,0,0
2020,2020-06-10,POG,347.4900000000001,Hopi White,0,0,0,0,0,0
2020,2020-06-24,POG,613.1700000000001,Hopi White,0,0,0,0,0,0
2020,2020-07-01,POG,751.77,Hopi White,0,0,0,0,0,0
2020,2020-07-08,POG,893.16,Hopi White,0,0,0,0,0,0
2020,2020-07-15,POG,1039.77,Hopi White,0,0,0,0,0,0
2020,2020-07-22,POG,1199.25,Hopi White,0.05,0,0,0,0,0
2020,2020-07-30,POG,1361.16,Hopi White,0.1,0,0,0,0,0
2020,2020-08-05,POG,1496.0700000000002,Hopi White,0.4,0.15,0.05,0,0,0
2020,2020-08-12,POG,1634.13,Hopi White,0.5,0.4,0.1,0.05,0.05,0
2020,2020-08-19,POG,1787.13,Hopi White,0.75,0.55,0.4,0.3,0.2,0
2020,2020-08-26,POG,1947.15,Hopi White,0.85,0.7,0.55,0.45,0.35,0.05
2020,2020-09-02,POG,2093.67,Hopi White,0.9,0.8,0.75,0.6,0.6,0.1
2020,2020-09-16,POG,2289.78,Hopi White,0.95,0.95,0.95,0.95,0.8,0.5
2020,2020-09-23,POG,2414.7,Hopi White,0.95,0.95,0.95,0.95,0.9,0.7
2020,2020-09-30,POG,2522.0699999999997,Hopi White,0.95,0.95,0.95,0.95,0.9,0.7
2021,2021-06-02,POG,203.85000000000002,Hopi White,0,0,0,0,0,0
2021,2021-06-09,POG,341.37000000000006,Hopi White,0,0,0,0,0,0
2021,2021-06-17,POG,498.96000000000015,Hopi White,0,0,0,0,0,0
2021,2021-06-23,POG,629.8200000000003,Hopi White,0,0,0,0,0,0
2021,2021-07-01,POG,769.4100000000002,Hopi White,0,0,0,0,0,0
2021,2021-07-07,POG,908.3700000000002,Hopi White,0,0,0,0,0,0
2021,2021-07-15,POG,1098.2700000000002,Hopi White,0,0,0,0,0,0
2021,2021-07-21,POG,1244.1600000000003,Hopi White,0.04,0,0,0,0,0
2021,2021-07-28,POG,1402.1100000000004,Hopi White,0.4,0.04,0,0,0,0
2021,2021-08-04,POG,1554.8400000000001,Hopi White,0.6,0.24,0.12,0.04,0.04,0
2021,2021-08-11,POG,1695.7800000000002,Hopi White,0.64,0.56,0.4,0.28,0.2,0
2021,2021-08-18,POG,1848.8700000000001,Hopi White,0.68,0.6,0.56,0.48,0.36,0.04
2021,2021-08-26,POG,1994.3100000000002,Hopi White,0.68,0.68,0.64,0.56,0.48,0.2
2021,2021-09-01,POG,2119.32,Hopi White,0.68,0.68,0.68,0.56,0.52,0.24
2021,2021-09-08,POG,2234.25,Hopi White,0.68,0.68,0.68,0.68,0.64,0.36
2022,2022-06-15,POG,369.27,Hopi White,0,0,0,0,0,0
2022,2022-06-22,POG,502.20000000000005,Hopi White,0,0,0,0,0,0
2022,2022-06-29,POG,638.73,Hopi White,0,0,0,0,0,0
2022,2022-07-06,POG,796.5900000000001,Hopi White,0,0,0,0,0,0
2022,2022-07-13,POG,948.5100000000001,Hopi White,0,0,0,0,0,0
2022,2022-07-20,POG,1115.64,Hopi White,0,0,0,0,0,0
2022,2022-07-26,POG,1263.15,Hopi White,0,0,0,0,0,0
2022,2022-08-03,POG,1442.16,Hopi White,0,0,0,0,0,0
2022,2022-08-10,POG,1604.34,Hopi White,0.18181818181818182,0,0,0,0,0
2022,2022-08-17,POG,1763.82,Hopi White,0.18181818181818182,0,0,0,0,0
2022,2022-08-24,POG,1907.82,Hopi White,0.3181818181818182,0.13636363636363635,0,0,0,0
2022,2022-09-07,POG,2196.18,Hopi White,0.36363636363636365,0.22727272727272727,0.18181818181818182,0.18181818181818182,0.18181818181818182,0
2022,2022-09-14,POG,2335.5899999999997,Hopi White,0.36363636363636365,0.3181818181818182,0.3181818181818182,0.22727272727272727,0.22727272727272727,0
2022,2022-09-21,POG,2446.6499999999996,Hopi White,0.4090909090909091,0.36363636363636365,0.36363636363636365,0.2727272727272727,0.22727272727272727,0.09090909090909091
2023,2023-06-07,POG,206.64000000000001,Hopi White,0,0,0,0,0,0
2023,2023-06-14,POG,305.64,Hopi White,0,0,0,0,0,0
2023,2023-06-21,POG,424.53,Hopi White,0,0,0,0,0,0
2023,2023-06-28,POG,551.97,Hopi White,0,0,0,0,0,0
2023,2023-07-05,POG,684.99,Hopi White,0,0,0,0,0,0
2023,2023-07-12,POG,825.5699999999999,Hopi White,0,0,0,0,0,0
2023,2023-07-19,POG,978.48,Hopi White,0,0,0,0,0,0
2023,2023-07-26,POG,1143.09,Hopi White,0,0,0,0,0,0
2023,2023-08-02,POG,1311.57,Hopi White,0.45454545454545453,0.09090909090909091,0,0,0,0
2023,2023-08-09,POG,1451.52,Hopi White,0.7272727272727273,0.45454545454545453,0,0,0,0
2023,2023-08-16,POG,1602.6299999999999,Hopi White,1,0.9090909090909091,0.5909090909090909,0.18181818181818182,0.045454545454545456,0
2023,2023-08-23,POG,1774.7099999999998,Hopi White,1,1,0.9090909090909091,0.7727272727272727,0.45454545454545453,0.045454545454545456
2023,2023-09-06,POG,2059.56,Hopi White,1,1,1,1,0.9090909090909091,0.09090909090909091
2023,2023-09-13,POG,2185.0199999999995,Hopi White,1,1,1,1,0.9545454545454546,0.5454545454545454
2023,2023-09-20,POG,2277.539999999999,Hopi White,1,1,1,1,1,0.7727272727272727
2023,2023-09-30,POG,2422.4849999999997,Hopi White,1,1,1,1,1,0.7727272727272727
2015,2015-07-05,MCG,764.505,Hopi Blue,0.92,0.84,0.08,0.08,0,0
2015,2015-08-27,MCG,1828.0349999999999,Hopi Blue,1,1,1,1,0.96,0
2015,2015-09-17,MCG,2212.5149999999994,Hopi Blue,1,1,1,1,1,0.96
2016,2016-07-07,MCG,825.2099999999998,Hopi Blue,0,0,0,0,0,0
2016,2016-07-22,MCG,1132.7399999999998,Hopi Blue,0,0,0,0,0,0
2016,2016-08-03,MCG,1409.2199999999998,Hopi Blue,1,0.5714285714285714,0,0,0,0
2016,2016-08-11,MCG,1578.6899999999998,Hopi Blue,1,1,1,1,0.2571428571428571,0
2016,2016-08-19,MCG,1734.6599999999999,Hopi Blue,1,1,1,1,0.9142857142857143,0
2016,2016-08-26,MCG,1854.1799999999998,Hopi Blue,1,1,1,1,0.9714285714285714,0
2016,2016-09-02,MCG,1971.7199999999998,Hopi Blue,1,1,1,1,1,0
2016,2016-09-09,MCG,2093.7599999999998,Hopi Blue,1,1,1,1,1,1
2016,2016-09-16,MCG,2203.2,Hopi Blue,1,1,1,1,1,1
2016,2016-09-23,MCG,2315.7899999999995,Hopi Blue,1,1,1,1,1,1
2017,2017-06-07,MCG,277.02,Hopi Blue,0,0,0,0,0,0
2017,2017-06-15,MCG,418.59000000000003,Hopi Blue,0,0,0,0,0,0
2017,2017-06-23,MCG,578.9700000000001,Hopi Blue,0,0,0,0,0,0
2017,2017-06-30,MCG,711.0000000000001,Hopi Blue,0,0,0,0,0,0
2017,2017-07-06,MCG,833.9400000000002,Hopi Blue,0,0,0,0,0,0
2017,2017-07-14,MCG,1020.4200000000002,Hopi Blue,0.12,0,0,0,0,0
2017,2017-07-21,MCG,1180.9800000000002,Hopi Blue,0.32,0,0,0,0,0
2017,2017-07-27,MCG,1315.8000000000004,Hopi Blue,0.72,0.4,0,0,0,0
2017,2017-08-04,MCG,1487.2500000000005,Hopi Blue,1,0.92,0.68,0.68,0.32,0
2017,2017-08-09,MCG,1588.2300000000005,Hopi Blue,1,1,0.92,0.92,0.56,0
2017,2017-08-18,MCG,1755.2700000000004,Hopi Blue,1,1,1,1,0.88,0
2017,2017-08-23,MCG,1794.5700000000004,Hopi Blue,1,1,1,1,0.92,0.68
2017,2017-08-26,MCG,1855.3200000000004,Hopi Blue,1,1,1,1,0.96,0.92
2017,2017-09-01,MCG,1981.4400000000005,Hopi Blue,1,1,1,1,1,0.92
2017,2017-09-07,MCG,2109.4200000000005,Hopi Blue,1,1,1,1,1,1
2017,2017-09-14,MCG,2247.8400000000006,Hopi Blue,1,1,1,1,1,1
2018,2018-06-13,MCG,453.96000000000004,Hopi Blue,0,0,0,0,0,0
2018,2018-06-20,MCG,576.9000000000001,Hopi Blue,0,0,0,0,0,0
2018,2018-06-26,MCG,690.48,Hopi Blue,0,0,0,0,0,0
2018,2018-07-05,MCG,870.03,Hopi Blue,0,0,0,0,0,0
2018,2018-07-12,MCG,1028.07,Hopi Blue,0,0,0,0,0,0
2018,2018-07-18,MCG,1165.59,Hopi Blue,0.45,0.15,0.15,0.15,0,0
2018,2018-07-26,MCG,1358.55,Hopi Blue,0.85,0.85,0.85,0.85,0.45,0
2018,2018-08-03,MCG,1538.46,Hopi Blue,0.85,0.85,0.85,0.85,0.85,0.05
2018,2018-08-09,MCG,1666.89,Hopi Blue,0.85,0.85,0.85,0.85,0.85,0.75
2018,2018-08-17,MCG,1845.9,Hopi Blue,0.85,0.85,0.85,0.85,0.85,0.85
2018,2018-08-24,MCG,1983.42,Hopi Blue,0.85,0.85,0.85,0.85,0.85,0.85
2018,2018-08-30,MCG,2098.35,Hopi Blue,0.85,0.85,0.85,0.85,0.85,0.85
2018,2018-09-06,MCG,2221.38,Hopi Blue,0.85,0.85,0.85,0.85,0.85,0.85
2018,2018-09-13,MCG,2350.89,Hopi Blue,0.85,0.85,0.85,0.85,0.85,0.85
2018,2018-09-21,MCG,2488.3199999999993,Hopi Blue,0.85,0.85,0.85,0.85,0.85,0.85
2018,2018-09-27,MCG,2585.789999999999,Hopi Blue,0.85,0.85,0.85,0.85,0.85,0.85
2019,2019-06-12,MCG,200.51999999999998,Hopi Blue,0,0,0,0,0,0
2019,2019-06-19,MCG,316.44,Hopi Blue,0,0,0,0,0,0
2019,2019-06-26,MCG,430.46999999999997,Hopi Blue,0,0,0,0,0,0
2019,2019-07-03,MCG,575.1,Hopi Blue,0,0,0,0,0,0
2019,2019-07-10,MCG,710.0100000000001,Hopi Blue,0,0,0,0,0,0
2019,2019-07-17,MCG,868.0500000000001,Hopi Blue,0,0,0,0,0,0
2019,2019-07-24,MCG,1020.0600000000001,Hopi Blue,0.24,0,0,0,0,0
2019,2019-07-31,MCG,1179.09,Hopi Blue,1,0.6,0.52,0.52,0.04,0
2019,2019-08-07,MCG,1337.58,Hopi Blue,1,1,1,1,0.6,0
2019,2019-08-15,MCG,1502.1,Hopi Blue,1,1,1,1,1,0
2019,2019-08-22,MCG,1642.1399999999999,Hopi Blue,1,1,1,1,1,0.68
2019,2019-08-29,MCG,1778.2199999999998,Hopi Blue,1,1,1,1,1,1
2019,2019-09-05,MCG,1926.7199999999998,Hopi Blue,1,1,1,1,1,1
2019,2019-09-11,MCG,2043.1799999999998,Hopi Blue,1,1,1,1,1,1
2020,2020-06-03,MCG,233.46000000000004,Hopi Blue,0,0,0,0,0,0
2020,2020-06-10,MCG,347.4900000000001,Hopi Blue,0,0,0,0,0,0
2020,2020-06-17,MCG,486.54000000000013,Hopi Blue,0,0,0,0,0,0
2020,2020-06-24,MCG,613.1700000000001,Hopi Blue,0,0,0,0,0,0
2020,2020-07-01,MCG,751.77,Hopi Blue,0,0,0,0,0,0
2020,2020-07-08,MCG,893.16,Hopi Blue,0,0,0,0,0,0
2020,2020-07-15,MCG,1039.77,Hopi Blue,0,0,0,0,0,0
2020,2020-07-23,MCG,1218.24,Hopi Blue,0.96,0.28,0.28,0.28,0,0
2020,2020-07-29,MCG,1340.19,Hopi Blue,1,1,1,1,0.24,0
2020,2020-08-05,MCG,1496.0700000000002,Hopi Blue,1,1,1,1,1,0
2020,2020-08-12,MCG,1634.13,Hopi Blue,1,1,1,1,1,0.76
2020,2020-08-19,MCG,1787.13,Hopi Blue,1,1,1,1,1,1
2020,2020-08-26,MCG,1947.15,Hopi Blue,1,1,1,1,1,1
2020,2020-09-08,MCG,2204.73,Hopi Blue,1,1,1,1,1,1
2020,2020-09-30,MCG,2522.0699999999997,Hopi Blue,1,1,1,1,1,1
2021,2021-06-09,MCG,275.4,Hopi Blue,0,0,0,0,0,0
2021,2021-06-16,MCG,408.96000000000004,Hopi Blue,0,0,0,0,0,0
2021,2021-06-23,MCG,563.8500000000001,Hopi Blue,0,0,0,0,0,0
2021,2021-07-07,MCG,842.4000000000001,Hopi Blue,0,0,0,0,0,0
2021,2021-07-14,MCG,1015.2900000000002,Hopi Blue,0,0,0,0,0,0
2021,2021-07-23,MCG,1226.7000000000003,Hopi Blue,0.28,0,0,0,0,0
2021,2021-07-28,MCG,1336.1400000000003,Hopi Blue,0.8,0.16,0.16,0.16,0,0
2021,2021-08-04,MCG,1488.8700000000001,Hopi Blue,0.88,0.72,0.72,0.72,0.12,0
2021,2021-08-11,MCG,1629.8100000000002,Hopi Blue,0.96,0.96,0.96,0.96,0.68,0
2021,2021-08-18,MCG,1782.9,Hopi Blue,1,1,1,1,0.88,0.04
2021,2021-08-25,MCG,1906.38,Hopi Blue,1,1,1,1,0.96,0.6
2021,2021-09-01,MCG,2053.3500000000004,Hopi Blue,1,1,1,1,1,0.92
2021,2021-09-08,MCG,2168.28,Hopi Blue,1,1,1,1,1,0.96
2022,2022-06-16,MCG,387.27,Hopi Blue,0,0,0,0,0,0
2022,2022-06-22,MCG,502.20000000000005,Hopi Blue,0,0,0,0,0,0
2022,2022-06-29,MCG,638.73,Hopi Blue,0,0,0,0,0,0
2022,2022-07-06,MCG,796.5900000000001,Hopi Blue,0,0,0,0,0,0
2022,2022-07-13,MCG,948.5100000000001,Hopi Blue,0,0,0,0,0,0
2022,2022-07-20,MCG,1115.64,Hopi Blue,0.6818181818181818,0.09090909090909091,0.045454545454545456,0.045454545454545456,0,0
2022,2022-07-27,MCG,1286.64,Hopi Blue,1,0.9090909090909091,0.6818181818181818,0.6818181818181818,0.09090909090909091,0
2022,2022-08-03,MCG,1442.16,Hopi Blue,1,1,0.9090909090909091,0.9090909090909091,0.6818181818181818,0
2022,2022-08-10,MCG,1604.34,Hopi Blue,1,1,1,1,0.9090909090909091,0.45454545454545453
2022,2022-08-17,MCG,1763.82,Hopi Blue,1,1,1,1,1,1
2022,2022-08-25,MCG,1930.86,Hopi Blue,1,1,1,1,1,1
2022,2022-09-21,MCG,2446.6499999999996,Hopi Blue,1,1,1,1,1,1
2023,2023-06-08,MCG,218.61,Hopi Blue,0,0,0,0,0,0
2023,2023-06-13,MCG,293.13,Hopi Blue,0,0,0,0,0,0
2023,2023-06-21,MCG,424.53,Hopi Blue,0,0,0,0,0,0
2023,2023-06-29,MCG,569.97,Hopi Blue,0,0,0,0,0,0
2023,2023-07-05,MCG,684.99,Hopi Blue,0,0,0,0,0,0
2023,2023-07-14,MCG,869.04,Hopi Blue,0,0,0,0,0,0
2023,2023-07-19,MCG,978.48,Hopi Blue,0,0,0,0,0,0
2023,2023-07-26,MCG,1143.09,Hopi Blue,0.8695652173913043,0.17391304347826086,0,0,0,0
2023,2023-08-01,MCG,1287.54,Hopi Blue,0.8695652173913043,0.8695652173913043,0.8695652173913043,0.8260869565217391,0,0
2023,2023-08-09,MCG,1451.52,Hopi Blue,0.8695652173913043,0.8695652173913043,0.8695652173913043,0.8695652173913043,0.8260869565217391,0
2023,2023-08-16,MCG,1602.6299999999999,Hopi Blue,0.8695652173913043,0.8695652173913043,0.8695652173913043,0.8695652173913043,0.8695652173913043,0.7391304347826086
2023,2023-08-23,MCG,1774.7099999999998,Hopi Blue,0.8695652173913043,0.8695652173913043,0.8695652173913043,0.8695652173913043,0.8695652173913043,0.8695652173913043
2023,2023-08-31,MCG,1942.11,Hopi Blue,0.8695652173913043,0.8695652173913043,0.8695652173913043,0.8695652173913043,0.8695652173913043,0.8695652173913043
2023,2023-09-30,MCG,2422.4849999999997,Hopi Blue,0.8695652173913043,0.8695652173913043,0.8695652173913043,0.8695652173913043,0.8695652173913043,0.8695652173913043
2009,2009-05-20,CDG,0,Hopi Blue,0,0,0,0,0,0
2009,2009-05-20,KUG,0,Hopi Sweet,0,0,0,0,0,0
2009,2009-05-20,PHG,0,Hopi White,0,0,0,0,0,0
2009,2009-05-20,PLC,0,Kokoma,0,0,0,0,0,0
2009,2009-05-20,POG,0,Greasy-head,0,0,0,0,0,0
2010,2010-05-20,CDG,0,Hopi White,0,0,0,0,0,0
2010,2010-05-20,KUG,0,Hopi Blue,0,0,0,0,0,0
2010,2010-05-20,PHG,0,Hopi White,0,0,0,0,0,0
2010,2010-05-20,PLC,0,Greasy-head & Hopi Blue,0,0,0,0,0,0
2010,2010-05-20,POG,0,Greasy-head,0,0,0,0,0,0
2011,2011-05-19,CDG,0,Hopi White,0,0,0,0,0,0
2011,2011-05-19,KUG,0,Hopi Blue,0,0,0,0,0,0
2011,2011-05-19,PHG,0,Qotsa qao,0,0,0,0,0,0
2011,2011-05-19,PLC,0,Hopi Blue,0,0,0,0,0,0
2011,2011-05-19,POG,0,Hopi White,0,0,0,0,0,0
2012,2012-05-17,CDG,0,Hopi White,0,0,0,0,0,0
2012,2012-05-17,KUG,0,Hopi Blue,0,0,0,0,0,0
2012,2012-05-17,PHG,0,Hopi White,0,0,0,0,0,0
2012,2012-05-17,PLC,0,Hopi Blue,0,0,0,0,0,0
2012,2012-05-17,POG,0,Hopi White,0,0,0,0,0,0
2013,2013-05-22,CDG,0,Hopi White,0,0,0,0,0,0
2013,2013-05-22,KUG,0,Hopi Blue,0,0,0,0,0,0
2013,2013-05-22,PHG,0,Hopi Blue,0,0,0,0,0,0
2013,2013-05-22,PLC,0,Hopi Blue,0,0,0,0,0,0
2013,2013-05-22,POG,0,Hopi White,0,0,0,0,0,0
2014,2014-05-22,CDG,0,Hopi White,0,0,0,0,0,0
2014,2014-05-22,KUG,0,Hopi Blue,0,0,0,0,0,0
2014,2014-05-22,PHG,0,Hopi White,0,0,0,0,0,0
2014,2014-05-22,PLC,0,Hopi Blue,0,0,0,0,0,0
2014,2014-05-22,POG,0,Hopi White,0,0,0,0,0,0
2015,2015-05-20,MCG,0,Hopi Blue,0,0,0,0,0,0
2015,2015-05-21,CDG,0,Hopi White,0,0,0,0,0,0
2015,2015-05-21,KUG,0,Hopi Blue,0,0,0,0,0,0
2015,2015-05-21,PLC,0,Hopi Blue,0,0,0,0,0,0
2015,2015-05-21,POG,0,Hopi White,0,0,0,0,0,0
2016,2016-05-24,MCG,0,Hopi Blue,0,0,0,0,0,0
2016,2016-05-25,CDG,0,Hopi White,0,0,0,0,0,0
2016,2016-05-25,KUG,0,Hopi Blue,0,0,0,0,0,0
2016,2016-05-25,PLC,0,Hopi Blue,0,0,0,0,0,0
2016,2016-05-25,POG,0,Hopi White,0,0,0,0,0,0
2017,2017-05-16,CDG,0,Hopi White,0,0,0,0,0,0
2017,2017-05-16,MCG,0,Hopi Blue,0,0,0,0,0,0
2017,2017-05-16,POG,0,Hopi White,0,0,0,0,0,0
2017,2017-05-17,KUG,0,Hopi Blue,0,0,0,0,0,0
2017,2017-05-17,PLC,0,Hopi Blue,0,0,0,0,0,0
2018,2018-05-17,CDG,0,Hopi White,0,0,0,0,0,0
2018,2018-05-17,MCG,0,Hopi Blue,0,0,0,0,0,0
2018,2018-05-17,PLC,0,Hopi Blue,0,0,0,0,0,0
2018,2018-05-17,POG,0,Hopi White,0,0,0,0,0,0
2019,2019-05-29,CDG,0,Hopi White,0,0,0,0,0,0
2019,2019-05-29,PLC,0,Hopi Blue,0,0,0,0,0,0
2019,2019-05-29,POG,0,Hopi White,0,0,0,0,0,0
2019,2019-05-30,MCG,0,Hopi Blue,0,0,0,0,0,0
2020,2020-02-17,POG,0,Hopi White,0,0,0,0,0,0
2020,2020-05-20,CDG,0,Hopi White,0,0,0,0,0,0
2020,2020-05-20,MCG,0,Hopi Blue,0,0,0,0,0,0
2020,2020-05-20,PLC,0,Hopi Blue,0,0,0,0,0,0
2020,2020-05-20,POG,0,Hopi White,0,0,0,0,0,0
2021,2021-05-19,CDG,0,Hopi White,0,0,0,0,0,0
2021,2021-05-19,PLC,0,Hopi Blue,0,0,0,0,0,0
2021,2021-05-19,POG,0,Hopi White,0,0,0,0,0,0
2021,2021-05-24,MCG,0,Hopi Blue,0,0,0,0,0,0
2022,2022-05-07,MCG,0,Hopi Blue,0,0,0,0,0,0
2022,2022-05-07,PLC,0,Hopi Blue,0,0,0,0,0,0
2022,2022-05-07,POG,0,Hopi White,0,0,0,0,0,0
2022,2022-05-25,CDG,0,Hopi White,0,0,0,0,0,0
2022,2022-05-25,MCG,0,Hopi Blue,0,0,0,0,0,0
2022,2022-05-25,PLC,0,Hopi Blue,0,0,0,0,0,0
2022,2022-05-25,POG,0,Hopi White,0,0,0,0,0,0
2023,2023-05-24,CDG,0,Hopi White,0,0,0,0,0,0
2023,2023-05-24,MCG,0,Hopi Blue,0,0,0,0,0,0
2023,2023-05-24,PLC,0,Hopi Blue,0,0,0,0,0,0
2023,2023-05-24,POG,0,Hopi White,0,0,0,0,0,0
